,"(user_id, item_id)",ratings
793,"(999, 197)",0.3239107248843443
121,"(815, 236)",2.3951295040087675
2859,"(974, 370)",0.8199034594441258
1045,"(441, 18)",-0.0364321163109376
1407,"(369, 86)",2.086403348897321
259,"(245, 165)",0.8383684533392217
2588,"(795, 91)",-0.6734496423097569
2741,"(512, 468)",1.441211103550653
871,"(827, 13)",-3.669443855834742
2825,"(529, 348)",1.082266291811098
2149,"(888, 349)",-2.0222502767036103
1324,"(22, 162)",5.103716358852935
1209,"(85, 60)",2.745103852535859
251,"(513, 8)",-2.3660354809231032
1071,"(867, 419)",6.3214203910852005
552,"(188, 483)",0.916389240022266
1235,"(11, 34)",2.966009989862915
2004,"(677, 455)",1.3566288673748244
227,"(356, 72)",-6.756240045397019
2765,"(100, 451)",1.6811402011210603
415,"(427, 250)",0.8951987069746583
29,"(777, 395)",-1.060957104298226
1825,"(743, 293)",4.731400193670863
2241,"(196, 421)",-0.232292969111218
1196,"(82, 246)",0.736941091668511
1864,"(744, 87)",-0.7640237906105961
1352,"(682, 22)",-0.9283870245554762
564,"(78, 89)",3.923028951275702
677,"(226, 144)",4.287043953854504
2694,"(976, 135)",4.236968952316387
34,"(807, 15)",-1.621926712353421
2683,"(973, 466)",5.82167807696419
2569,"(610, 44)",-2.936703088237827
1124,"(229, 117)",0.2099584225782244
1354,"(306, 109)",-1.0448549717882252
1649,"(745, 264)",-2.7449034370284644
2958,"(603, 256)",1.081909323960234
3271,"(713, 294)",1.9096474105358512
1333,"(687, 146)",-3.547221339967836
2583,"(401, 156)",-0.2643717601467586
2096,"(82, 493)",-1.7128905478831071
1088,"(417, 298)",5.8990711508261215
1168,"(789, 212)",-3.1873579732759825
1052,"(979, 142)",-5.299455030836467
1495,"(995, 1)",-3.6104967607200846
1158,"(431, 59)",-0.1555225454483969
2183,"(140, 380)",-0.7955354518022941
3024,"(389, 489)",0.9530403786792564
2308,"(243, 222)",-1.2757296163872331
1292,"(204, 233)",0.7888471292223699
512,"(916, 119)",3.0864304242965086
1993,"(941, 133)",0.1583628916755403
1909,"(165, 393)",5.352640246833336
1902,"(468, 170)",0.2546569358114217
577,"(315, 444)",-4.220298037752721
1383,"(343, 3)",-3.862634027022468
2702,"(158, 200)",-1.7038930990919745
727,"(697, 63)",-0.8726966509007825
1519,"(668, 424)",0.2386365479425669
81,"(231, 207)",-2.086785953818262
2690,"(451, 351)",0.9645785302553956
2646,"(240, 70)",1.9772544412242183
762,"(806, 223)",3.9793846166975366
150,"(823, 144)",-0.2272710224959111
1263,"(696, 159)",-0.8126638940101505
2116,"(543, 176)",0.7304998931388446
2675,"(637, 17)",2.369705881119191
629,"(871, 455)",-2.692385452875254
3056,"(606, 477)",-0.3729008368719755
1416,"(380, 455)",-3.020657276507113
725,"(955, 47)",-0.1318156378313815
447,"(775, 325)",7.730725795951584
284,"(311, 348)",2.786833081727057
2224,"(83, 61)",-0.260562581313158
143,"(285, 498)",-2.780542732190026
547,"(386, 89)",3.97855826727732
2263,"(409, 401)",-0.1775350774391723
1778,"(557, 298)",3.617879386116433
3042,"(488, 111)",-1.2969902364189452
1548,"(286, 204)",-1.5678064777202692
1304,"(927, 51)",-2.7671093988113764
2401,"(151, 302)",4.094025547624224
1390,"(848, 447)",-4.248609036117381
1255,"(452, 11)",-1.72610641507296
2606,"(70, 23)",-1.816560575616838
67,"(133, 477)",4.705122990992577
565,"(128, 184)",-1.6881230125556754
125,"(747, 387)",-0.7497582493038848
3089,"(838, 202)",-2.096830846905918
460,"(847, 58)",0.7031446901073619
2442,"(18, 212)",-1.446989140164464
1802,"(949, 159)",-1.0623977681722805
1230,"(340, 285)",7.350979890628733
896,"(964, 433)",-3.181987887292114
1555,"(934, 178)",-1.2092080786834771
2169,"(226, 392)",-7.124251001257803
1362,"(69, 303)",1.585643694209217
2953,"(813, 24)",2.7688802500309078
1731,"(657, 232)",0.1362562064151012
3301,"(733, 283)",1.1088731358329704
1321,"(173, 331)",-3.801031978159783
1718,"(536, 182)",-1.569250207182194
502,"(422, 474)",0.7332192132618395
1173,"(508, 80)",-1.0591566526276734
2546,"(186, 439)",-1.1799877338982234
2080,"(670, 245)",-1.3008351209204767
790,"(63, 298)",-0.9165312348807452
1208,"(376, 200)",-2.137708973391833
3025,"(18, 470)",-2.9264610424344744
165,"(979, 208)",-2.6032453063774788
2257,"(366, 336)",3.0844373182096025
2173,"(598, 483)",3.29893844991995
1572,"(128, 298)",1.197613960857847
276,"(689, 260)",0.8692433584021292
1740,"(544, 106)",0.9655292571113842
495,"(774, 244)",1.0897592884767615
1620,"(736, 224)",4.091651783556864
1776,"(251, 11)",-1.5816236385827214
2322,"(434, 334)",-0.1881635815215689
911,"(681, 278)",-2.7086859340934275
323,"(396, 277)",1.1552800116810038
2399,"(395, 165)",0.3889095745929601
3192,"(268, 499)",-2.5552099175268186
832,"(494, 157)",-0.3850254592787926
1401,"(274, 14)",5.213320648124628
68,"(471, 334)",0.6397665353901005
1621,"(955, 362)",1.3332981973327218
1928,"(29, 252)",3.685675102635424
222,"(344, 411)",3.5089412534902173
1910,"(30, 71)",-1.7152840045973403
2851,"(444, 475)",-3.4116796991455307
132,"(778, 224)",1.9901857525002011
331,"(360, 113)",-0.4839860905999502
1615,"(478, 446)",-1.7133909338351705
1107,"(998, 126)",-0.4054388310438733
131,"(748, 223)",-1.4274803104625835
184,"(556, 195)",0.3928933494307364
3225,"(218, 435)",2.764576516109692
3004,"(160, 467)",-3.2555049499126856
3294,"(918, 360)",-4.671556165993748
1440,"(895, 300)",-0.0063899193061023
3237,"(79, 15)",-2.597462793156482
999,"(658, 35)",0.4598414355553348
1556,"(80, 7)",-1.9734651788709037
1236,"(377, 219)",1.2037864329976573
138,"(958, 417)",0.1488711992510673
272,"(572, 166)",-0.2056680524358414
238,"(668, 40)",0.2134447752491864
844,"(456, 414)",-0.8987690269858248
994,"(161, 465)",0.0551323754491373
1599,"(216, 453)",-3.064549094689671
1437,"(974, 309)",1.0975874452084284
3145,"(17, 186)",2.4884147143780924
1800,"(665, 316)",-0.7753083167939079
987,"(132, 389)",-4.359974804521646
1186,"(596, 463)",-2.816250029490728
989,"(31, 53)",1.4598423679859054
654,"(263, 270)",-2.595146595968307
1897,"(190, 491)",2.056094733299328
3143,"(305, 26)",-1.263465535130909
305,"(312, 325)",-0.5308719519525904
151,"(874, 29)",-3.6701785390629302
2112,"(972, 282)",1.7216237516537536
752,"(860, 477)",2.6926428749618845
2132,"(19, 3)",2.1382160689820435
1903,"(102, 203)",3.080237457415701
2436,"(957, 439)",-1.0913656818929889
381,"(626, 455)",0.3334002301590039
3309,"(653, 405)",2.715050371278433
3010,"(424, 312)",1.7098683271437911
660,"(371, 331)",0.1907676356727785
1750,"(886, 35)",4.061763712772661
1289,"(52, 328)",-0.2482427327758717
1246,"(696, 163)",-0.0325403186013924
1366,"(465, 163)",-1.020300880716053
1996,"(357, 241)",-1.524993725616603
1967,"(163, 115)",1.6791648927915648
2795,"(177, 439)",-0.6292860699595149
1533,"(199, 5)",1.0066779920772486
498,"(733, 451)",4.101205734090772
2077,"(402, 379)",-2.729952781960134
2777,"(103, 299)",2.3271710070681872
2579,"(952, 75)",-4.944687163415143
2208,"(391, 232)",1.0100697041192994
102,"(666, 26)",0.5004261409872048
330,"(369, 19)",4.1849643319473415
189,"(836, 322)",3.673089125128176
2333,"(339, 240)",-0.3467632395574608
2645,"(780, 120)",0.438236170953477
539,"(979, 327)",2.888402936622401
149,"(722, 141)",-0.8953346431575049
2082,"(45, 16)",4.370606641576362
1431,"(812, 119)",-2.9392774528270413
1634,"(257, 491)",4.736682949283168
508,"(350, 315)",-1.1141923071739437
2864,"(690, 46)",-0.3094746783295832
2713,"(489, 3)",0.4758111271693827
720,"(794, 301)",-1.449758784493174
580,"(718, 365)",2.265523168817582
1847,"(126, 378)",1.7587951814472569
1389,"(124, 444)",1.8185512232022936
966,"(35, 60)",1.4431229565414851
528,"(561, 174)",-1.1911621206189076
2954,"(144, 156)",-2.237504342628662
1661,"(904, 77)",0.8719489076386081
868,"(893, 201)",-0.3173479957677267
2839,"(193, 278)",-1.084760219817305
363,"(79, 455)",-3.2430281524914224
2756,"(370, 227)",-1.3972643551392512
607,"(706, 167)",1.7146231420198923
2591,"(905, 390)",-1.434241742024484
1050,"(741, 365)",2.6489036488752475
1828,"(484, 422)",-2.621083533876454
2015,"(125, 424)",0.4644539120150717
419,"(409, 83)",-1.672514370679148
2250,"(149, 261)",-1.2284561019759834
2111,"(214, 63)",1.2986745332589134
2338,"(2, 448)",-2.5958143762975765
137,"(164, 450)",-8.108688762548498
3079,"(212, 17)",2.2916803229073768
2841,"(184, 371)",-3.457628259700077
2025,"(19, 35)",-0.1189944140707237
136,"(349, 122)",-1.976346023065427
1945,"(267, 142)",1.7217387928956709
1794,"(858, 8)",1.171893955932272
620,"(183, 165)",-1.8335309151553407
919,"(222, 67)",0.27019137215115
60,"(292, 437)",0.174282765043725
2464,"(41, 123)",-2.2667464959228223
3289,"(399, 166)",0.0208015883572446
3104,"(7, 142)",0.3393266975950715
2440,"(370, 215)",0.4153758308992411
1,"(251, 286)",-0.0693111872453707
3208,"(629, 414)",1.9329725088810537
517,"(303, 473)",5.605999237911655
1314,"(853, 241)",-0.8857068888210526
1786,"(25, 275)",0.3133213573090183
328,"(770, 275)",1.596829096888222
728,"(622, 180)",-0.8267815506185598
201,"(113, 101)",0.4268010674445247
819,"(615, 87)",-0.5106909384227653
1919,"(64, 465)",2.8666690403257844
2038,"(110, 440)",-2.915990528521521
944,"(921, 166)",1.880157402537997
2857,"(714, 294)",2.1729751834519866
3193,"(445, 95)",3.69997986007172
1668,"(750, 214)",-6.865888055942616
2076,"(89, 376)",1.1734035013798876
2990,"(309, 487)",-2.3852282523936923
1999,"(883, 322)",-1.5232269759065478
2486,"(77, 257)",-2.0225985265357638
2707,"(33, 8)",4.374201674416865
1596,"(139, 328)",-4.367490176439301
3151,"(639, 342)",-4.8829702312762135
1831,"(649, 441)",1.1014449497186891
2695,"(391, 390)",0.1216562863730583
613,"(612, 447)",2.627795545781937
691,"(504, 298)",0.343848463073389
1598,"(195, 101)",4.235798484901913
1452,"(506, 183)",1.499017381780858
43,"(620, 302)",-0.2685624754890997
2529,"(363, 319)",-0.3778461551018308
405,"(323, 117)",0.92700320453729
1569,"(285, 197)",-5.185586268063114
1651,"(380, 18)",2.3638331485308437
2321,"(380, 484)",-1.8695311637252976
1028,"(960, 20)",2.626923667179156
2117,"(84, 291)",-0.3296620431434024
423,"(766, 470)",0.7306408539505181
2658,"(393, 132)",2.8236407190058808
913,"(391, 275)",2.286508848489998
2649,"(193, 29)",-2.650212481874121
1726,"(114, 282)",0.3381395306089028
586,"(257, 235)",-2.03890002103343
1608,"(186, 16)",2.0087381073074093
1155,"(482, 275)",3.081781160699439
1493,"(394, 374)",-2.0573980622138293
1624,"(193, 276)",2.000092048820607
63,"(345, 435)",-0.0438245103160268
1707,"(500, 422)",-0.915986643189996
2831,"(506, 76)",-1.2826298251374877
2273,"(565, 343)",4.974558792802365
697,"(730, 24)",0.2925090221495063
3315,"(571, 278)",-2.2026784374990958
759,"(272, 338)",0.6266972355429754
906,"(309, 393)",1.693391545190337
2959,"(811, 1)",0.3227020612499199
3013,"(106, 355)",-0.5429378601387116
3086,"(529, 72)",-2.5954362552958345
1343,"(748, 156)",0.7163950905806573
1453,"(794, 141)",0.5352897089009957
1368,"(558, 215)",-1.0250836455149337
1765,"(271, 270)",4.415918290915109
1097,"(237, 8)",-1.2765934433662829
1865,"(169, 101)",1.4822782094407534
3195,"(348, 205)",0.8494763443895528
262,"(849, 404)",-0.9506804018124994
3303,"(762, 84)",-0.9562386937535204
1553,"(285, 121)",-0.7962379279208204
2724,"(409, 361)",-0.1983621101626158
980,"(420, 209)",0.9680929445672904
44,"(437, 117)",1.8100707929169595
742,"(216, 325)",2.480520711775502
2665,"(192, 269)",-2.7102655082670912
307,"(863, 250)",3.059119066138301
3021,"(504, 431)",2.381879149361659
2881,"(825, 226)",-1.583981285215078
1400,"(493, 471)",-0.1342320840355568
1908,"(128, 372)",-1.4566093471902224
925,"(955, 258)",-0.4751302879951203
901,"(65, 350)",0.0139851521333865
1285,"(350, 272)",1.282877335512392
2570,"(643, 106)",12.187445852498763
2280,"(802, 319)",2.518762632736761
2423,"(245, 12)",0.0781069775685591
223,"(34, 279)",0.1456956685347196
1991,"(609, 23)",-2.2567920385106044
1525,"(492, 222)",3.1562614278881536
2083,"(688, 422)",-0.4959376617850977
3085,"(540, 488)",0.9027688625552936
1920,"(497, 155)",0.3830749769453034
2913,"(483, 436)",-3.673265017868266
1335,"(235, 322)",2.5874237001794174
550,"(731, 279)",0.4523772767339427
1091,"(932, 79)",-2.747466187462498
1249,"(311, 83)",-0.2734627337730521
1072,"(958, 114)",1.8012783879042962
2381,"(852, 380)",1.1812122088935235
2971,"(653, 138)",-2.7503794144860847
1396,"(590, 58)",-1.3849124449910966
2019,"(471, 375)",-0.5934041251667818
2134,"(417, 95)",1.9943050072550863
1214,"(280, 344)",2.5107664041399214
562,"(295, 102)",-0.9374510157905452
1084,"(845, 53)",-1.5037108982002598
120,"(312, 188)",1.379876402577262
3156,"(996, 212)",3.990305111432394
1442,"(332, 477)",3.4460274996635976
1813,"(68, 401)",2.610687184701152
2474,"(659, 58)",3.1623248251525347
1345,"(912, 444)",2.4323765271388
2722,"(94, 128)",0.5076845540315512
325,"(928, 41)",0.9355334411832628
706,"(5, 254)",7.652599358515408
1710,"(543, 35)",-1.1997341532060817
3251,"(642, 73)",2.363248197738196
3137,"(257, 373)",0.9657943164604776
1583,"(874, 168)",-4.068170217923592
1009,"(705, 497)",1.2733124577826536
101,"(145, 426)",-2.6187342550958443
1412,"(600, 158)",6.102189757887333
2315,"(346, 105)",1.5424273067322172
1860,"(290, 29)",-2.213508962768297
2156,"(259, 204)",0.482733737568742
511,"(35, 274)",0.8079614428131585
1212,"(525, 382)",2.179429226964763
2687,"(215, 359)",-0.9984384794522276
1752,"(341, 383)",-0.8495177141028846
1849,"(391, 258)",-0.3324933355042621
2355,"(769, 235)",1.881548483000364
2594,"(590, 85)",-2.003421881685333
2856,"(93, 240)",-2.3156432436333603
292,"(58, 228)",6.147777955123145
1475,"(654, 275)",5.354872106528125
698,"(541, 212)",3.6343838192346176
1271,"(387, 292)",3.082235509764591
3141,"(100, 111)",0.1530981300341252
2011,"(108, 220)",-0.8634003059266859
1074,"(254, 394)",3.0486593327706446
2365,"(387, 105)",0.0144509994571148
1221,"(783, 37)",-3.132586715453614
3126,"(385, 9)",-3.4575754167576576
1705,"(29, 410)",1.499397747948871
1814,"(15, 295)",4.524910751167615
2964,"(140, 343)",1.3373191199773409
1189,"(118, 219)",-0.6485584626362293
2738,"(810, 178)",-2.43285815155988
2286,"(429, 187)",-0.4913608069403859
1513,"(140, 397)",-7.307525681621509
1135,"(996, 273)",0.5172205078938615
3127,"(845, 6)",-1.512295098669424
450,"(594, 309)",1.8273024817253245
554,"(522, 43)",2.7951015897827367
1612,"(571, 476)",2.607211030009754
2589,"(697, 313)",0.9566985016551092
1182,"(381, 343)",6.4305232363404246
1888,"(984, 34)",1.4537409273758923
3001,"(214, 460)",4.1266826832972034
3259,"(609, 121)",0.6105998348731153
1539,"(899, 23)",-2.7106837209382237
780,"(280, 217)",4.276220793547714
2324,"(914, 237)",-0.0164064916513569
943,"(282, 349)",-0.9579801148603936
2021,"(112, 278)",-1.4988241618755154
1523,"(730, 388)",4.10773214601916
1916,"(845, 187)",-1.908825147905103
1822,"(134, 119)",4.916931822523946
807,"(271, 286)",2.3459109250423418
2530,"(456, 467)",2.7534413096925228
1445,"(964, 252)",3.717369324126713
279,"(948, 173)",0.7911236513886604
1237,"(783, 8)",-1.199941904719609
1300,"(245, 258)",0.0503895436355678
1004,"(601, 376)",3.471881208852845
182,"(612, 372)",4.491996884052519
320,"(121, 66)",1.0403753466433294
3034,"(806, 497)",2.4511077508159063
2871,"(594, 164)",-1.4447469887451585
915,"(637, 460)",1.5083695111157924
327,"(322, 343)",-1.8890251238409383
3023,"(905, 24)",4.6224122833705845
273,"(838, 328)",0.4890978864375383
2571,"(955, 67)",-1.5197429230930344
1395,"(882, 14)",-0.5046727455423309
2536,"(187, 77)",1.3401575763960016
3218,"(740, 485)",-1.6689806393644333
2372,"(700, 361)",-6.274777400505303
1652,"(532, 274)",-5.124875097929202
2030,"(824, 307)",3.9217457543748746
486,"(319, 204)",0.0383112944472054
3168,"(61, 451)",3.480961394996584
1900,"(371, 214)",3.340055928014776
493,"(318, 354)",2.623234096386739
1875,"(912, 432)",3.6377727100559847
288,"(5, 233)",0.0861653252623979
199,"(721, 75)",2.757878171502828
45,"(230, 323)",-7.592562266835773
1020,"(801, 361)",1.4010895533601273
3065,"(515, 44)",-4.331256366930472
334,"(367, 37)",-0.0548798251458971
91,"(72, 381)",-1.628270369107398
218,"(115, 217)",-0.3089237058991549
1516,"(448, 41)",1.2868560654946308
653,"(517, 316)",1.466966288841291
1775,"(822, 383)",5.01264974421932
2814,"(68, 212)",-1.289443587115791
2819,"(205, 379)",-4.022098780417446
2993,"(74, 159)",-7.481268517827667
3282,"(157, 391)",3.298692899029062
1636,"(698, 253)",-3.6662619158918055
2975,"(25, 249)",-2.309494866413432
1823,"(313, 386)",-1.081818288746952
464,"(856, 120)",1.281151162332477
2916,"(67, 337)",2.6914157714008184
2769,"(43, 329)",0.8125225323699762
2719,"(227, 92)",1.4331585993327105
765,"(2, 124)",-2.3469676578729333
1116,"(539, 265)",-1.9180959076725623
3248,"(735, 264)",2.7935772771345797
776,"(0, 494)",0.3162014773678221
2996,"(930, 139)",-0.6230720058677672
291,"(461, 389)",-0.0355132312330192
692,"(146, 325)",7.853688193379708
210,"(669, 162)",5.4606903853154725
874,"(919, 21)",-4.078152138246375
515,"(155, 316)",1.383811463840115
3052,"(596, 257)",-0.7625042061319788
2197,"(618, 74)",2.94088399720592
1384,"(722, 228)",-1.0550145404800777
2956,"(933, 140)",-3.1057164660043264
171,"(26, 341)",-0.9016313898940352
2347,"(654, 374)",-1.9768373868524116
2730,"(105, 342)",1.7444542024257788
417,"(990, 225)",-2.4170325594415063
491,"(216, 222)",0.8349601507039538
3253,"(982, 69)",-3.630580848451751
3133,"(428, 434)",-1.1001715561123189
818,"(464, 120)",1.0340993414090625
2136,"(462, 325)",6.626927717880022
3140,"(206, 232)",0.2894728930900362
2113,"(366, 402)",0.7857081032119815
3147,"(28, 361)",0.6175332862902345
188,"(95, 342)",1.1706100117545597
2348,"(557, 464)",1.520001016420343
1578,"(897, 178)",-1.355716119945809
308,"(875, 195)",-0.2628186188150148
2506,"(179, 496)",-2.011494947676788
455,"(737, 261)",0.895385518821245
1641,"(394, 25)",-0.0863257805452048
3125,"(237, 415)",1.6380569765086894
301,"(752, 234)",-0.5662301063339716
1130,"(66, 160)",-3.549714472545087
1685,"(895, 236)",-2.54285327918736
1674,"(3, 217)",1.7160035979133974
529,"(264, 263)",1.823424301204116
3286,"(141, 325)",4.873116635149443
2843,"(120, 91)",-2.957062402555369
3185,"(727, 21)",-1.538499198169359
1723,"(38, 419)",4.539213706957713
2836,"(488, 125)",-1.6778651083750011
2641,"(529, 135)",-0.4193415014561444
1773,"(318, 209)",1.2545157517386458
1303,"(757, 152)",3.7312102713269946
2426,"(766, 294)",0.1601425938656625
224,"(503, 389)",-1.874245670531236
2575,"(511, 17)",4.924809582353483
666,"(16, 451)",-1.1493850342870593
3268,"(165, 421)",2.865188939565677
373,"(927, 421)",-1.086555225870984
3214,"(374, 137)",-0.3816546852999624
933,"(900, 422)",-0.9708746495503654
2069,"(673, 25)",0.336025028645218
8,"(684, 209)",1.7714987004483456
538,"(696, 74)",-0.8939820099650668
439,"(712, 307)",2.320716172905256
2985,"(223, 67)",-2.4944394347776364
1680,"(209, 234)",-4.299563903448289
1744,"(456, 95)",5.619995485600055
867,"(139, 277)",-1.587182466417918
2297,"(409, 490)",1.0699067869181638
2898,"(801, 42)",0.7526328279964384
319,"(948, 105)",-0.1710786402546767
2033,"(207, 62)",1.7924457760752637
2068,"(680, 13)",-0.9490163993894614
2651,"(306, 311)",2.0941503246002244
2462,"(992, 36)",-0.9192207862898778
1575,"(5, 165)",1.045230812942158
1273,"(147, 97)",3.1329965023415065
338,"(308, 116)",-7.300810144291961
2232,"(54, 26)",0.3481974769249182
164,"(423, 376)",5.349214074730309
469,"(923, 224)",-0.2012916233121149
2838,"(391, 320)",-0.0613957528832972
3061,"(166, 410)",-0.0423681290029588
1981,"(263, 419)",8.767421266917387
2108,"(292, 470)",-1.7907318288342666
3160,"(375, 76)",-1.4684364594905612
567,"(818, 113)",2.928261840779588
1016,"(544, 225)",-0.7420945949903053
1642,"(3, 371)",-2.257534822430812
1064,"(573, 218)",-1.5794438117463572
2780,"(272, 177)",0.3871039607794506
3038,"(642, 60)",-1.114632350604766
1551,"(314, 247)",-2.4794708108532326
190,"(897, 73)",2.771683538460351
7,"(352, 193)",1.5445647054380611
2748,"(151, 140)",-0.9561885615382388
3154,"(414, 294)",-0.7160930621991787
1215,"(750, 279)",3.446701764748637
2943,"(557, 239)",1.7282003989585977
2731,"(253, 8)",2.824393281393616
2137,"(573, 201)",-0.9772894517741144
624,"(447, 110)",3.2843851873432053
2772,"(837, 466)",0.0530691090044405
3167,"(811, 219)",-0.1288421206571179
3320,"(789, 281)",-1.6572084292585452
216,"(734, 46)",0.6915802321773151
979,"(781, 10)",3.858262013567385
1517,"(483, 255)",1.7299716691316962
2141,"(96, 318)",1.3234231500075626
1711,"(453, 328)",-0.4329700700964708
957,"(297, 176)",0.0740582221366307
1327,"(429, 14)",0.7427368464111875
910,"(418, 19)",1.0815931031101016
1160,"(190, 360)",3.941711202924269
1378,"(558, 186)",0.3030240314094124
2826,"(884, 19)",2.043321973085212
2736,"(693, 212)",1.5633298431346807
2361,"(992, 325)",3.479650243082773
1520,"(509, 348)",0.03073438015446
424,"(888, 72)",-5.9272609932757305
2947,"(495, 171)",0.6950817826454371
77,"(676, 24)",2.481839288465692
1340,"(534, 143)",-0.0181820597695468
1602,"(774, 486)",-0.6473010930197042
2779,"(92, 347)",7.5145853653629295
1239,"(970, 57)",-0.1448003378450205
1336,"(370, 390)",-0.1407218758097524
2411,"(544, 269)",1.9554090275471536
3299,"(180, 115)",1.3912609735131116
2704,"(318, 308)",-1.145930675778606
1119,"(549, 457)",4.9353456395950746
452,"(444, 410)",0.0300060645417599
1499,"(313, 381)",-3.886399548604538
2482,"(811, 299)",2.3710539103515087
487,"(193, 71)",-2.191820985292737
3175,"(937, 449)",-3.708179566905717
3132,"(8, 187)",2.760874406897857
506,"(490, 463)",2.5173586558649466
1815,"(587, 33)",-2.336594518946215
395,"(643, 229)",-1.6130598522314454
1812,"(887, 227)",1.3819888502977076
756,"(842, 202)",-3.966672191952723
2198,"(837, 147)",-4.057004872035773
673,"(564, 273)",3.417366343811389
1282,"(700, 111)",-6.118887219483184
578,"(957, 186)",0.4006739846333354
936,"(762, 189)",-1.6157423678225875
30,"(172, 187)",2.4624134472415014
3242,"(626, 495)",-0.6770190337936102
6,"(45, 483)",-4.087066910665845
2698,"(306, 178)",-2.069298738770569
2617,"(58, 397)",1.7559580046240788
2760,"(952, 248)",-2.106114745162984
1890,"(604, 117)",3.7805680315964016
2093,"(485, 466)",-1.4371045562503606
769,"(494, 151)",1.8511853659187136
2997,"(818, 43)",0.897405350263339
443,"(214, 129)",2.642556636216541
2394,"(677, 286)",-3.6380850908429663
2216,"(604, 40)",4.518377714366961
1036,"(288, 367)",1.1521876172222236
2002,"(359, 326)",0.597294705493981
2928,"(390, 330)",-3.529089358343676
2604,"(182, 43)",-1.1164696945564887
1541,"(68, 387)",-0.2600397524980269
2980,"(248, 240)",2.675301331177805
2210,"(222, 344)",2.3657966845316905
1921,"(466, 114)",-0.3033071532396185
2595,"(287, 412)",0.9153190900419554
1914,"(229, 130)",0.8085310739531671
2055,"(496, 495)",-2.9210626148583607
62,"(905, 286)",0.3545517572835965
371,"(804, 399)",-0.1362676577976606
2262,"(840, 222)",-0.1336630556340518
70,"(3, 323)",0.5350462472654619
105,"(21, 317)",-1.1714325312129044
1350,"(694, 163)",-2.9227262086548387
3044,"(969, 158)",6.283180227316574
85,"(399, 290)",-0.7594316279151456
3305,"(836, 173)",-2.048870395235192
1079,"(514, 230)",-1.233276944499485
336,"(542, 9)",-1.781761284194552
1542,"(851, 388)",2.57441796059952
1565,"(192, 241)",-3.0450641751919587
392,"(932, 292)",2.0854144924000315
519,"(623, 190)",-3.56214614893077
1270,"(742, 263)",-0.2465976536184197
1576,"(52, 410)",-1.673060721570488
1734,"(643, 201)",4.22097157954564
1721,"(171, 238)",4.0557360499423885
968,"(844, 239)",-0.5275048511529514
1532,"(515, 345)",-1.0788507359631525
2708,"(568, 25)",-2.2445730747878234
955,"(939, 397)",-0.2675472836449094
2471,"(753, 130)",-0.4648886746134311
2514,"(397, 26)",1.0506771259795549
509,"(997, 431)",0.2736193394510592
2036,"(582, 22)",-1.2491383431600354
2110,"(811, 420)",0.6538376717043164
3221,"(664, 405)",-3.565301428098866
86,"(418, 143)",0.1232100040782047
27,"(956, 348)",1.7747115630105332
1077,"(542, 318)",0.805165642493434
441,"(806, 43)",0.7000014940496918
1165,"(168, 115)",-0.9965316218421316
1017,"(582, 167)",3.131777329170813
341,"(64, 449)",2.5042647267165634
3213,"(783, 329)",-0.5282160113805452
2625,"(508, 245)",-2.3600663044122263
3287,"(158, 37)",-3.516409740210105
1061,"(419, 211)",-5.821554679333944
1092,"(31, 399)",-0.2056904914394877
2998,"(847, 277)",-0.3236762207662154
82,"(809, 125)",-0.8461027094790423
2868,"(928, 248)",1.7533929464365765
1607,"(452, 159)",-0.2084368303364249
636,"(733, 448)",-0.6447084387205416
1774,"(298, 400)",4.341924316025918
2434,"(560, 289)",0.4410737465557878
920,"(368, 428)",-1.1460202230287266
2484,"(132, 302)",-2.389475238063099
2758,"(818, 411)",-0.9142132741839784
2317,"(229, 410)",-2.20026674239281
445,"(573, 76)",-2.720104894976344
3245,"(249, 313)",-1.589934527833654
2661,"(414, 149)",1.447259323867012
527,"(805, 196)",-0.1140277441662862
3174,"(174, 248)",0.4364635113952863
2460,"(888, 148)",-1.741992330777333
3304,"(797, 38)",2.163705020913637
972,"(322, 148)",-0.3466217835603663
1341,"(900, 213)",-1.93095603740162
1684,"(163, 84)",-1.0670700494389624
1349,"(451, 104)",-2.4364996529239757
178,"(815, 498)",-1.7289337424263245
2181,"(458, 273)",1.8658733257874192
92,"(481, 89)",2.304115871492014
2207,"(767, 252)",0.1230018327984085
1481,"(584, 475)",-2.376449771822966
609,"(467, 72)",-3.3089776176954704
833,"(522, 497)",1.7625047204565465
2459,"(58, 81)",-2.678455128584305
1561,"(768, 320)",-3.824921978002497
2119,"(505, 256)",3.603850996173537
3162,"(732, 17)",0.7844733620141745
12,"(774, 132)",-1.316411953817596
2099,"(651, 306)",-0.5589717003293065
1461,"(713, 488)",0.736881994183364
1469,"(389, 167)",1.6479841349228848
1579,"(893, 266)",0.755160917115898
2387,"(251, 374)",-2.9213354778362977
1639,"(288, 462)",2.596098772512463
286,"(92, 468)",-0.4565547242183105
90,"(233, 218)",-2.51220622577558
1194,"(292, 204)",0.3247311196196552
1042,"(371, 402)",1.3483107120150175
1796,"(748, 28)",3.8943303078801255
2246,"(69, 50)",-3.304396806758221
663,"(493, 350)",1.391872068076334
1015,"(296, 42)",3.5883798703322305
2407,"(50, 309)",1.0392924510862014
1988,"(861, 276)",-2.31014293775774
1853,"(64, 300)",1.2429715937655397
2909,"(984, 367)",-0.973194417302501
1460,"(31, 129)",0.8335341981424075
2102,"(15, 212)",-2.194362890346804
2398,"(156, 200)",-0.8745879389831228
321,"(815, 444)",-0.4499241243828444
2091,"(835, 45)",-2.274930470234654
2400,"(532, 320)",1.4777879124607636
1415,"(846, 219)",-0.4578400884199907
2550,"(95, 488)",-3.066318281850751
1931,"(482, 261)",-0.6653018542996854
2899,"(972, 10)",1.3137695533091458
603,"(466, 322)",-1.4979505001323543
902,"(247, 193)",2.4624277834842347
133,"(412, 85)",-4.987597559571524
2498,"(959, 228)",8.174858155682776
19,"(239, 269)",0.0528943174479707
1742,"(651, 99)",1.4983282663595985
3166,"(68, 429)",-1.6507008545499404
1069,"(215, 308)",-1.718489682537835
2066,"(515, 261)",1.827154336227453
220,"(287, 191)",1.0820853826937182
627,"(972, 285)",5.437166585419368
2844,"(213, 434)",0.5062964500748264
1472,"(980, 395)",3.3228615488368693
2329,"(910, 30)",-1.484800548015609
1592,"(499, 331)",5.087946875549983
256,"(643, 124)",-1.1654722738789154
983,"(177, 15)",-2.296780572829744
1203,"(595, 34)",0.7371809774060668
610,"(959, 490)",-2.9092222596702286
1952,"(966, 360)",1.9855387953695884
1830,"(624, 225)",-1.942534463061792
1233,"(463, 121)",2.946514585666151
2053,"(139, 109)",-2.6634757538841334
1024,"(476, 408)",1.3577759002785337
1486,"(659, 76)",3.729770140171513
695,"(393, 247)",-0.7535780002448283
1868,"(726, 309)",0.1226657588000205
568,"(799, 12)",4.062172649789397
113,"(644, 231)",0.3611702311270564
2921,"(393, 220)",1.4596083037556324
3215,"(833, 447)",1.1602321666292748
313,"(47, 293)",-0.7250681696794814
681,"(768, 8)",-1.4073975946511903
581,"(536, 480)",-0.3442341859138
2390,"(585, 456)",0.2403189601556851
438,"(323, 474)",-1.6079463455181924
267,"(505, 148)",2.0937516630985717
3230,"(799, 2)",7.072861208758804
2070,"(814, 148)",-1.1653156146159522
1896,"(611, 463)",-1.1288978006807144
3055,"(188, 228)",1.8541525750224743
275,"(596, 19)",2.9841622536422974
644,"(133, 66)",1.02241768023046
1922,"(176, 310)",3.3625809514055582
1515,"(211, 198)",4.70468874102204
1365,"(672, 475)",2.915228220261673
457,"(935, 228)",-0.5440789403234891
2422,"(773, 288)",-2.9021725815188395
1459,"(149, 442)",0.215577080590821
203,"(144, 379)",-0.322444991929148
1465,"(20, 203)",-0.3040402712612597
1882,"(301, 491)",-1.4559393087761343
2252,"(688, 297)",-0.4418229513795104
394,"(388, 1)",-1.2738132813824414
2397,"(203, 328)",-0.7141401910236278
106,"(353, 287)",-5.714004720348341
2174,"(929, 361)",-2.7463155976904456
152,"(683, 41)",0.7469213795431567
2946,"(60, 302)",0.8973903747109692
1630,"(744, 45)",2.4907080043489653
967,"(547, 14)",-2.922316694063129
1259,"(752, 460)",1.445097836368728
1315,"(315, 483)",0.1829197175989979
888,"(36, 36)",1.2220602222381227
1862,"(35, 131)",0.7038531300950958
2014,"(409, 246)",-2.783511004863117
623,"(249, 154)",0.7809534172573934
2914,"(991, 368)",-5.245922319608542
388,"(859, 170)",-1.196990528795768
2593,"(339, 360)",4.07511113404637
1098,"(108, 384)",-3.144591985355013
996,"(987, 366)",-0.4532825990879647
1008,"(267, 478)",-2.126349131548693
1014,"(134, 295)",-4.676755050076643
905,"(619, 154)",1.905712912343603
1374,"(561, 159)",-1.679184225371005
1247,"(484, 149)",0.5078425328947236
1206,"(400, 408)",-1.7691081281471344
2603,"(100, 314)",3.5197870708931007
2072,"(32, 178)",-2.799133789656986
1671,"(690, 334)",-0.4429626097797196
3131,"(409, 453)",-2.1106494704422247
247,"(253, 53)",-0.6929403878860921
3155,"(427, 416)",2.4930668545270303
518,"(711, 46)",0.5919992662493755
813,"(729, 317)",-0.9097730122965496
2437,"(620, 107)",4.425047835507075
2886,"(564, 254)",4.912753995939928
1166,"(284, 106)",-0.2011072149310546
1487,"(148, 254)",-5.950467852694912
2270,"(9, 370)",3.867815064889504
2725,"(582, 235)",1.514809252172021
595,"(134, 146)",1.1638950788235511
9,"(760, 18)",1.7133792800858747
2290,"(470, 277)",-0.1939170215103871
2622,"(680, 418)",-0.0361546545056039
2281,"(686, 375)",1.1695338012425855
2505,"(674, 412)",2.444690834526782
2696,"(154, 255)",0.9930747740076884
3306,"(946, 189)",0.6113316065924358
2073,"(445, 200)",0.0133754227977565
1287,"(272, 468)",4.824414750351028
1131,"(512, 489)",0.6481531637552742
3017,"(645, 25)",-2.159425070191998
1935,"(530, 396)",6.8236919814605725
1218,"(121, 118)",1.1918697977001211
2744,"(931, 331)",2.703698378279348
3257,"(333, 350)",-0.3735521194750296
2328,"(457, 283)",0.0250817076003164
2393,"(645, 352)",-2.5852939426648103
3058,"(594, 225)",2.334417166502943
2143,"(219, 115)",-0.2478567607540996
555,"(300, 34)",2.712678163131979
1026,"(337, 239)",1.1181557891326328
853,"(691, 73)",1.766733407563515
300,"(290, 426)",0.8945679410944272
718,"(89, 315)",-1.7735138310297622
2727,"(607, 349)",-2.631776667437968
2627,"(200, 40)",-3.5503218087325346
852,"(605, 127)",-2.8043100745175096
208,"(770, 403)",2.4687045241992065
231,"(142, 114)",2.8560098224150856
47,"(148, 457)",0.7283373441776063
1848,"(266, 207)",0.3728460957388395
599,"(902, 4)",2.254649279809927
297,"(361, 329)",-0.5946548057635229
2721,"(303, 331)",-2.7334985222218733
410,"(769, 197)",-2.571923812278255
2219,"(839, 322)",2.834025966493664
743,"(136, 4)",-1.4239217557534454
1759,"(734, 97)",0.9421935062836264
1702,"(785, 152)",0.0352851337581114
95,"(404, 342)",-1.1583513855987346
1840,"(535, 273)",4.727315610857469
961,"(429, 107)",-0.1017857898503347
1067,"(486, 185)",3.1090357948926326
412,"(18, 162)",5.600230496145682
3300,"(24, 414)",-1.59257363028519
109,"(655, 239)",1.7951246703885146
175,"(236, 171)",-0.9772457529520556
2497,"(129, 58)",0.7259998132368666
2963,"(827, 94)",1.238263973985911
2059,"(879, 219)",3.960761380373453
3291,"(300, 439)",0.6199611412237347
367,"(455, 160)",-3.163672859412709
1295,"(792, 26)",-0.0634201367492358
2360,"(937, 217)",-1.1175368524020424
2774,"(452, 398)",0.6671599478671064
2755,"(633, 323)",-5.031253840648055
2663,"(265, 70)",1.3373394143054322
1512,"(584, 212)",-1.307541552768524
2542,"(123, 83)",-1.0975174028045405
834,"(994, 43)",-0.2430190783847605
306,"(960, 8)",-0.833830221742297
204,"(26, 496)",-1.986041277482444
3092,"(716, 365)",-1.8802341186589029
1983,"(725, 238)",1.4213441775737297
2986,"(535, 38)",2.113468475642609
167,"(996, 155)",3.0450238584467977
1430,"(108, 297)",-1.088303051168064
1995,"(723, 272)",-1.6688734941961625
206,"(434, 280)",1.663626242873575
2049,"(909, 146)",-1.5300705316086058
2952,"(630, 469)",-1.0415270352539925
2984,"(223, 264)",2.9993625839811524
3068,"(535, 169)",1.6208176587440135
2925,"(621, 291)",-0.1504653925424895
2578,"(716, 168)",4.670819605537038
1506,"(515, 432)",-0.9760713341133364
1342,"(266, 12)",-0.5161113205128935
1760,"(875, 245)",-0.7731779726708895
2535,"(156, 337)",-2.335871054856129
825,"(810, 130)",2.007040951673189
2129,"(471, 166)",-3.2701751017178537
1164,"(74, 470)",-1.2690297710114753
956,"(893, 147)",1.7347444311606004
585,"(954, 381)",-2.670195131876957
2335,"(799, 352)",0.1101983211984534
1818,"(195, 212)",-1.6163790809297875
1007,"(889, 451)",1.7551352973313743
174,"(308, 102)",-0.7962551381014119
2417,"(572, 86)",2.1533154706488884
2430,"(591, 18)",0.4104589538922068
2517,"(361, 88)",4.407919099074414
1078,"(567, 34)",-0.5847907713781014
542,"(623, 58)",-2.984116781409517
2448,"(412, 108)",3.4772592434252627
649,"(890, 72)",-5.886386343005344
1591,"(682, 342)",-0.2436023254848018
2304,"(85, 31)",-0.1942292505146781
2974,"(865, 43)",-0.7277830602394941
411,"(832, 43)",3.843235902945408
1804,"(305, 137)",-3.511977927759969
1725,"(443, 131)",-1.8979840361734537
1504,"(187, 173)",-1.2354089178168244
3012,"(293, 36)",-2.3337536710259865
1712,"(37, 63)",2.497846513298955
355,"(152, 73)",-0.0095439526184172
922,"(340, 134)",1.9120310503804552
2699,"(994, 408)",-1.3521195133256778
655,"(569, 19)",-1.8359666986824932
3051,"(976, 286)",-5.161392279055589
682,"(491, 455)",-0.1897333581985946
2973,"(296, 365)",3.2757743331121763
3139,"(921, 495)",1.460499492647466
587,"(730, 34)",2.1079028646189792
1408,"(220, 79)",-0.4075299826545843
172,"(504, 40)",1.6587357730167431
2018,"(547, 302)",4.381405486294953
873,"(588, 137)",-1.5197683474165304
1105,"(377, 59)",0.1526040152197127
1690,"(283, 457)",0.1254532691621772
2026,"(8, 386)",-1.3837634131422063
1781,"(257, 470)",6.610879887997941
142,"(922, 87)",5.330702622898387
1149,"(20, 373)",3.946027675991197
365,"(677, 47)",-0.0988346169220076
2876,"(455, 103)",-0.243833708005711
290,"(435, 432)",-6.455227946910475
2318,"(465, 219)",0.8343846513327331
100,"(915, 34)",1.483746853868464
2659,"(288, 105)",1.4659749321571
1458,"(287, 17)",2.4288502345886687
1637,"(582, 450)",0.3684893036755812
191,"(169, 341)",1.1329185207751875
3108,"(38, 247)",2.0069262541635293
1719,"(13, 376)",6.481899016056043
2674,"(206, 283)",-3.201780913781803
180,"(666, 171)",-0.1919577153150732
1409,"(850, 321)",-0.1744037026259931
829,"(124, 351)",-1.4898729602551772
835,"(223, 298)",0.7040084542939018
145,"(944, 408)",-3.641883494232793
15,"(325, 131)",4.637902850292893
2122,"(857, 37)",-3.587500114270304
377,"(35, 466)",0.2427894713588503
2957,"(61, 331)",-0.5852345163788079
2369,"(127, 350)",-0.3087556793659388
2592,"(953, 156)",-4.292593401417955
688,"(740, 123)",-0.6333653761361558
3022,"(343, 33)",-2.5364543634783443
3152,"(803, 492)",-9.456533021921262
2653,"(947, 118)",2.4522097549981723
3011,"(598, 340)",1.056299875123308
385,"(984, 378)",4.627687175758453
79,"(755, 357)",2.1239147471448963
1157,"(837, 320)",-4.493844396335081
2829,"(527, 97)",-5.860979661520797
815,"(109, 303)",2.097230605759629
380,"(169, 119)",0.5244290494340659
558,"(291, 211)",-0.8265727171327297
981,"(692, 230)",-1.6274842306025417
3255,"(433, 25)",-1.5568231521742255
1322,"(540, 206)",-2.2998097084480227
2177,"(544, 380)",-6.750652586360262
1974,"(462, 426)",0.7600779442554026
1872,"(475, 405)",-0.8189376363116112
3200,"(558, 219)",1.814441149698388
3101,"(505, 306)",1.9859596502386
1427,"(338, 370)",2.375713803959625
2367,"(884, 57)",1.265900422701534
1835,"(794, 251)",1.7661552228068351
2268,"(475, 336)",0.9216055567922156
2359,"(182, 361)",-1.6805213214575578
2157,"(669, 140)",0.4874812672640388
488,"(27, 332)",1.9189380551639803
2548,"(718, 243)",0.7918431787854695
2353,"(452, 215)",-2.120830771739451
1011,"(686, 146)",-2.327083724386472
155,"(807, 41)",1.191969842297456
719,"(625, 91)",2.3090488415790262
1316,"(422, 397)",-0.6552721748390632
544,"(729, 11)",-1.340060870277996
3224,"(465, 153)",-2.653277272326821
2427,"(956, 388)",-0.2044985375562464
3029,"(263, 132)",4.566647761453049
36,"(826, 452)",4.414613520843756
1509,"(222, 123)",0.7027262748238585
1438,"(70, 63)",-0.9508193472124572
1880,"(373, 253)",0.1257721936387721
1364,"(801, 395)",1.538276940904294
372,"(503, 236)",3.734529633208593
917,"(69, 96)",0.3205755799674711
1886,"(513, 19)",4.439096450533812
3328,"(154, 302)",4.394297613983503
1808,"(631, 486)",0.6737237544266728
606,"(281, 41)",2.7326256889449927
255,"(758, 256)",1.2703772150665065
158,"(104, 85)",0.9569013235572148
436,"(993, 219)",1.992498558713456
2368,"(726, 232)",-2.919596137820152
924,"(380, 11)",0.635961584023648
1777,"(655, 3)",-1.4092686634674216
593,"(757, 474)",-0.8850409952010123
651,"(429, 251)",-3.3811687616605477
2337,"(234, 498)",0.8164119231499042
1714,"(446, 19)",4.018540810852718
2180,"(175, 210)",1.4347896026005649
504,"(993, 157)",0.519235523967419
808,"(762, 178)",-2.8010780733017797
523,"(747, 434)",1.1400154754014555
235,"(485, 430)",-4.861659196056383
704,"(565, 1)",-0.2259430556100359
775,"(78, 488)",-2.974508397950507
1856,"(885, 7)",-1.4542812651686032
446,"(732, 46)",0.0983310466700339
1559,"(346, 71)",-3.673902100163793
887,"(369, 44)",-0.713186716130768
3117,"(690, 390)",2.606517349054516
630,"(449, 498)",2.692309256373512
2190,"(221, 206)",-4.473318550331029
3223,"(493, 98)",-0.1113406934965876
1183,"(586, 103)",4.556403506923036
3285,"(613, 439)",-3.068990130359767
948,"(490, 237)",0.8213674880093149
2835,"(745, 12)",0.5103413178513592
389,"(552, 210)",-0.4625992455910123
2692,"(369, 10)",1.0148601609055008
1353,"(395, 8)",1.505829607104715
1027,"(477, 59)",-2.305345833321021
1065,"(132, 190)",1.553896929966501
1587,"(103, 127)",0.2860113970034276
1286,"(513, 157)",-1.3074454055081284
2412,"(870, 128)",1.0061424161560064
2903,"(419, 235)",-2.1312491362015518
735,"(754, 30)",-1.9201303543539308
2493,"(336, 49)",-3.227388563737232
1367,"(284, 382)",-0.5303295380105065
847,"(695, 257)",-0.9502940439934704
2832,"(352, 368)",-0.8670224270989506
122,"(241, 352)",0.7005484596759728
260,"(107, 47)",-2.895239653104667
1683,"(208, 484)",0.6602151419382143
1803,"(6, 495)",2.9077758648134613
2457,"(743, 6)",0.3524321918351925
1570,"(919, 457)",-0.2178391037191182
2060,"(69, 249)",-2.413925996697001
3111,"(645, 269)",0.9160858130319568
657,"(664, 74)",3.345506252272912
1115,"(125, 413)",0.9814046950414096
637,"(180, 328)",-1.8063873820449112
650,"(259, 115)",-0.4509798830425273
2783,"(416, 26)",3.234475849281021
3135,"(989, 93)",3.634733008224984
1466,"(134, 499)",5.071531652015202
2302,"(465, 183)",-1.186816725984977
524,"(285, 39)",0.7631597722650699
2935,"(263, 327)",-1.789109672233444
1507,"(441, 11)",0.3880062735647266
326,"(554, 6)",2.615846004050434
76,"(704, 84)",0.6920296916557167
2441,"(405, 230)",1.510780714976805
1727,"(593, 452)",-3.069393319809231
2955,"(587, 436)",-4.3615984400891
2187,"(839, 307)",0.9798203601277088
317,"(855, 109)",-0.6711925023888821
3018,"(588, 287)",0.3865866325483333
2940,"(270, 19)",2.236581643572862
1855,"(485, 439)",-2.4767927839442048
1854,"(257, 429)",-1.130400034299139
2090,"(677, 80)",0.719417121889919
1772,"(996, 12)",1.2802751467867364
382,"(416, 37)",0.5998374628449475
299,"(133, 236)",3.2083573443251807
2883,"(562, 491)",1.620524356266867
1503,"(816, 102)",0.0716524259256034
2371,"(55, 179)",0.646286322233947
3307,"(677, 164)",-5.012240213476707
543,"(662, 438)",-1.2926510187991562
3064,"(378, 22)",0.2105447280576851
1041,"(818, 81)",-2.703529756350613
1497,"(69, 83)",-3.8835854855575382
366,"(631, 137)",-1.2958669244922372
1929,"(805, 394)",0.5867176856011354
2775,"(626, 155)",-1.052322115753809
2305,"(687, 293)",0.2243636356206143
525,"(905, 86)",2.30359786073332
3047,"(407, 374)",-0.3807629536765208
541,"(119, 114)",1.7978249013831455
2929,"(278, 10)",0.6066758186863677
2922,"(371, 268)",-1.5974039613796926
932,"(47, 202)",1.0931433642022377
103,"(467, 61)",1.8326089886843704
1474,"(964, 260)",-2.278097947571212
642,"(589, 171)",2.052071337359159
2100,"(513, 122)",-0.714439993274215
3171,"(660, 247)",-0.2835217759324682
263,"(36, 385)",3.275244196992352
2803,"(197, 271)",1.8843803610324952
2480,"(288, 430)",-1.104670961802881
2735,"(240, 35)",3.466364778400539
46,"(988, 258)",-1.2578695156303494
2848,"(627, 124)",0.2932061367603645
349,"(316, 261)",3.2373653385633148
734,"(991, 111)",-6.355186319075514
545,"(497, 410)",2.8965177450842594
1536,"(873, 119)",-0.6201462781926741
3080,"(806, 250)",0.5444920430912971
1489,"(414, 353)",1.81584012316774
1558,"(437, 137)",-2.029364806166127
2230,"(293, 337)",-1.174770240129512
3180,"(930, 145)",0.1664132608154357
3229,"(434, 157)",0.0394697651192498
3019,"(63, 330)",-1.865830365247028
1076,"(700, 131)",1.1581117589252472
157,"(920, 389)",-1.7063637184254457
1754,"(370, 326)",-0.9481881456149768
1397,"(762, 324)",-1.6303035006545334
883,"(233, 355)",-1.6143897557185585
570,"(116, 220)",-1.0977431420450874
1294,"(66, 105)",-0.8291999060383408
383,"(214, 327)",-2.4517539032530467
294,"(928, 468)",0.0371586432505839
3090,"(369, 191)",0.7791681339133036
1924,"(723, 118)",1.3196297972902675
369,"(490, 12)",0.8783503161617391
169,"(802, 355)",-1.029521861923699
2705,"(630, 105)",-1.7782272511079158
1279,"(794, 97)",-1.1407150525738723
1381,"(472, 396)",7.077711548078993
1464,"(52, 130)",-0.4511596828872034
2266,"(42, 334)",-1.347251468350814
1586,"(226, 114)",-2.366166008784595
3270,"(17, 266)",-1.8366847784571243
1893,"(565, 48)",0.4368754444837289
476,"(155, 263)",1.612126100351289
1601,"(636, 144)",-3.546855441059735
396,"(235, 169)",1.23599451481646
1432,"(456, 303)",-0.1951699332592413
2810,"(715, 143)",2.8084122653957637
352,"(755, 351)",1.2577157633326386
2218,"(658, 328)",0.7079589665499775
982,"(783, 486)",-0.3497461342725259
1040,"(491, 405)",1.3010866989472174
3082,"(13, 354)",1.8433413316920733
154,"(236, 50)",-1.307093371100002
3228,"(151, 71)",0.0771002603253469
824,"(467, 155)",-3.1034619508298
1399,"(929, 169)",-0.892405675461185
473,"(876, 447)",-1.7699526962462029
1012,"(536, 41)",0.4157745738842375
1870,"(5, 328)",-2.57527424558373
1204,"(922, 361)",1.1691828015446344
1232,"(301, 426)",3.117655493078206
2728,"(129, 104)",2.812071240663994
1937,"(938, 198)",-1.3025890084663716
3172,"(315, 324)",-0.0617773414449768
237,"(342, 465)",0.7695140554874795
2874,"(114, 470)",10.071932450214156
315,"(311, 91)",-3.322488214125092
690,"(796, 490)",-0.3661856823188982
1222,"(500, 498)",-6.0962572102461055
3083,"(790, 351)",1.074184999215562
2044,"(272, 446)",1.0115090821928665
513,"(913, 470)",8.113834474150003
2852,"(943, 82)",-0.4947716877086996
1907,"(444, 207)",0.1446253811656503
1462,"(533, 441)",1.255569698648623
314,"(992, 463)",-3.3576067417796343
2726,"(123, 129)",0.5808721769897202
1729,"(235, 484)",1.8406980324294893
40,"(675, 401)",1.0585525910198117
788,"(268, 9)",-7.610344003180225
2937,"(438, 178)",0.3798220817932058
928,"(179, 144)",2.5596000976590463
1382,"(416, 219)",5.696105584822011
1118,"(196, 224)",0.3165762559090493
2970,"(719, 430)",-0.7312460681969288
2125,"(461, 367)",-3.250610276859319
1144,"(246, 330)",-0.0707825847308763
2763,"(500, 375)",0.3104338593895426
339,"(851, 73)",-0.9863163941878696
893,"(407, 358)",0.8996957707915355
1582,"(702, 200)",2.10425866654551
1957,"(967, 275)",4.594982550464291
2793,"(226, 38)",1.4729235058085706
640,"(25, 399)",0.0935555621542383
796,"(626, 365)",2.4661363955032667
3263,"(508, 448)",-1.474622336916657
332,"(967, 406)",4.255291239509509
2797,"(200, 240)",4.365632291358457
1006,"(979, 462)",2.712273414302267
421,"(978, 495)",4.65586263774647
745,"(302, 126)",-3.3108982232769293
1698,"(405, 196)",-2.8518077490370897
2403,"(99, 438)",-0.7534951499972085
1344,"(972, 50)",-2.1919577661391343
409,"(241, 373)",-1.3839268020679605
1590,"(926, 69)",2.0695604918337214
215,"(462, 125)",-0.4247722166712213
507,"(361, 225)",-1.4573465835330086
475,"(704, 27)",-0.0087959106962074
0,"(93, 181)",0.4621530745798889
2961,"(470, 10)",0.6325225419539001
1058,"(560, 169)",-1.924701130590489
3267,"(131, 126)",-3.239849775254564
975,"(360, 46)",-0.6802366021007833
342,"(991, 276)",0.1400809825450239
233,"(233, 342)",1.325668968253482
1699,"(991, 271)",-3.766162095131538
1448,"(332, 333)",-0.802803691474831
2123,"(734, 224)",0.0975089888754005
830,"(429, 476)",-3.0298061960568115
755,"(224, 137)",-2.1086749976076296
2932,"(760, 185)",1.7442914367026947
2915,"(805, 424)",-0.0680791857654323
2404,"(231, 245)",-3.1177051019227533
945,"(789, 190)",-1.7272259675860435
1329,"(853, 185)",3.299649970277187
1574,"(37, 91)",2.0948916831055517
2325,"(924, 1)",0.0915026737063882
3262,"(111, 440)",0.751385825326761
2389,"(277, 163)",1.2684091360406786
1834,"(805, 294)",1.676051288879922
1653,"(178, 478)",-3.2120500002749783
1672,"(829, 37)",0.2007685600760883
1676,"(400, 496)",-3.1860084866865304
435,"(443, 172)",-0.5592135278865388
1992,"(805, 4)",3.1818418998181186
2031,"(476, 354)",3.1724817841682134
740,"(395, 169)",-0.354132702501744
2237,"(549, 199)",-0.2185334225037978
563,"(306, 205)",1.0286631240269652
3210,"(548, 458)",0.8724654271987708
219,"(942, 434)",-0.7706390363095342
2151,"(932, 280)",4.558378563837851
268,"(425, 121)",1.9849157853159185
2392,"(801, 460)",0.1309365895442978
617,"(205, 314)",-0.0052506768140329
505,"(251, 148)",0.4212190251343414
2240,"(213, 467)",-1.3549570815800158
1181,"(136, 395)",-0.4643393532383044
147,"(638, 471)",5.7588757685180365
1980,"(691, 266)",-4.959975581336568
2942,"(373, 360)",-4.424406258229829
3249,"(716, 140)",1.6983991698553087
3319,"(379, 279)",-0.271055593904206
950,"(602, 187)",-2.694359854218954
661,"(689, 88)",-5.242795986233565
732,"(106, 110)",2.472892630405839
1970,"(50, 434)",1.0866392319173528
2652,"(776, 31)",-4.106067220872729
2203,"(940, 403)",1.244924124195082
2406,"(746, 179)",-1.380554070905647
3250,"(999, 232)",2.246344050160036
2523,"(153, 144)",-3.306416460069519
2917,"(515, 32)",-1.2477089457945387
1552,"(379, 39)",-0.8027011189679291
976,"(225, 406)",-2.3835106953993823
1470,"(88, 413)",0.2907067245515311
1496,"(206, 461)",2.693637041143476
1297,"(880, 400)",3.913255352737254
2186,"(989, 442)",0.2103537793073419
196,"(125, 76)",-0.0983633080532648
1985,"(313, 476)",-5.271341131297765
1917,"(143, 268)",-2.229477077076897
1085,"(279, 130)",1.6188572401361825
2885,"(694, 5)",-2.350306415212941
1827,"(904, 229)",-1.3904170478577438
3138,"(984, 196)",4.388948350309967
878,"(48, 381)",-1.2386501935804783
3184,"(436, 336)",3.5753397115166123
153,"(933, 299)",-0.7890583538272549
971,"(955, 474)",0.1232414308338627
198,"(417, 32)",0.7926035411506871
245,"(769, 263)",-0.5182825258874083
1960,"(215, 120)",-0.681430782689774
667,"(70, 86)",4.304260230811633
2088,"(360, 341)",-0.9922252270644412
899,"(746, 166)",-3.770546605386641
2310,"(458, 53)",0.0176293825858893
73,"(779, 295)",4.208389495211709
1819,"(401, 212)",3.409596191656344
2179,"(631, 270)",0.7319908043489494
516,"(363, 365)",-0.0947040094186454
2165,"(732, 53)",0.3317884201971826
2103,"(537, 472)",0.7351940315110715
1358,"(73, 62)",-5.63791708656214
548,"(219, 103)",-4.628181431136629
1372,"(236, 329)",-0.7559347336491415
1622,"(955, 384)",1.986424091661264
3189,"(893, 334)",-1.600590718696008
375,"(517, 342)",-3.9389358984819296
2413,"(93, 392)",0.8158623346462437
2939,"(616, 429)",-3.169214475131792
1063,"(218, 168)",-0.4202550986192979
1701,"(542, 204)",0.5912105358479984
1275,"(740, 338)",-4.319523962997731
250,"(200, 84)",3.3982486102190546
322,"(391, 440)",2.080780866623261
2488,"(967, 478)",-1.8155184177060335
124,"(523, 61)",-2.599668090168324
3176,"(665, 307)",2.84411070051336
845,"(399, 294)",-0.2885057262011151
2445,"(949, 30)",2.2175375364793037
836,"(279, 450)",4.918188950176267
1883,"(932, 312)",-0.4563001593484489
2451,"(597, 427)",-3.709642320857178
2901,"(761, 325)",3.8623286360740567
1923,"(5, 220)",3.549588577964956
1930,"(878, 322)",-2.846335550070552
689,"(713, 125)",-1.2014828065635998
2837,"(415, 212)",1.2601607534076518
2269,"(170, 63)",-1.9631059131749289
192,"(273, 332)",-0.6734086784458625
1031,"(583, 217)",2.504493957154584
2747,"(21, 440)",1.123794418590604
1863,"(57, 390)",0.5197418611842334
1891,"(432, 232)",-1.973785472606868
2161,"(937, 211)",0.4032455882276414
1018,"(688, 127)",-0.7562241020398004
768,"(821, 270)",-2.094410431790222
2628,"(134, 495)",-1.9976332345508188
3219,"(708, 462)",0.1426966248167171
1977,"(294, 195)",2.5121586543918872
1243,"(279, 317)",-2.8885907517246507
1093,"(385, 102)",-1.9314949349113055
1296,"(561, 248)",-0.422842334079391
798,"(1, 388)",-0.5646378088112876
2453,"(557, 208)",2.502846831701949
2159,"(629, 62)",-0.8835183052012224
1851,"(273, 370)",2.055261642262918
744,"(384, 230)",-2.0947369227975137
2527,"(697, 35)",-5.827639446094403
3102,"(23, 468)",1.0329965765830025
1202,"(678, 185)",3.2375473278709115
1990,"(528, 113)",1.9306042434766968
3201,"(240, 490)",-1.1964313660202883
1094,"(375, 429)",-0.5141639407828341
1984,"(249, 336)",0.6953697296357217
2664,"(97, 57)",2.7431966285985663
1878,"(307, 93)",1.892568241133988
1549,"(583, 132)",-0.1696137940019524
3060,"(182, 22)",-1.7504914469244746
1231,"(719, 113)",-0.2595633396358477
1717,"(183, 42)",2.818247019248941
1351,"(735, 302)",3.963567577958309
1090,"(51, 91)",2.5375699266864147
88,"(794, 369)",1.2227993684392249
2331,"(707, 474)",1.115113474957614
2900,"(897, 326)",0.0572761129098855
848,"(565, 47)",-1.5571592964652192
65,"(898, 229)",3.225438081617214
2089,"(74, 275)",-4.057466329015096
1947,"(197, 279)",0.7144004878203596
988,"(68, 217)",-1.2043674453340707
1129,"(157, 446)",3.75149866127756
2672,"(231, 306)",-5.146799840414816
1443,"(254, 96)",-2.298753613189085
1392,"(916, 172)",-4.037952819293026
699,"(287, 65)",4.653411294605484
1023,"(439, 349)",2.0282734966660465
2238,"(20, 369)",5.885441924995458
3258,"(976, 407)",-0.904092479609578
1654,"(48, 134)",-2.172535012158574
612,"(704, 169)",-2.288822924535671
2991,"(742, 67)",-5.63273776711414
1133,"(309, 90)",0.8440993905128513
3239,"(510, 272)",-0.7591568474648908
478,"(961, 89)",3.055513758874003
1425,"(581, 424)",1.0119661567232017
3283,"(699, 216)",-0.5033168423182497
1962,"(945, 72)",-6.299908613127212
2720,"(333, 140)",-2.174446250777456
1978,"(902, 370)",0.9020114337112248
2789,"(448, 413)",-0.5706461676160728
2247,"(956, 357)",1.6791699507719648
416,"(186, 329)",-3.707894183540908
631,"(613, 459)",1.9497337979665372
2465,"(337, 472)",0.1948338327167789
1762,"(174, 366)",1.5707951474665538
2352,"(618, 427)",0.3516689683051665
1471,"(714, 454)",1.404215577508697
885,"(670, 320)",-2.149978043902343
3165,"(865, 104)",-2.303672813308045
1940,"(814, 5)",0.492689660122718
1338,"(723, 135)",-0.9453821300948144
2130,"(715, 35)",-1.5051466502535362
1768,"(716, 58)",2.11881258158522
1498,"(701, 56)",-2.308270978736496
3069,"(381, 113)",2.9269486700481564
886,"(346, 475)",0.2459280549110388
2770,"(842, 304)",-1.044144112786757
2999,"(216, 365)",-1.9534059996111148
2350,"(791, 194)",0.9789344998509184
2383,"(836, 126)",-2.173065111127713
3158,"(378, 333)",2.2809083845637685
1805,"(504, 268)",0.5758820102899284
812,"(871, 474)",-2.7719731283885958
1332,"(502, 136)",1.140022634095058
2762,"(298, 335)",-0.5439191602741429
1328,"(646, 394)",3.7584237074391607
2516,"(586, 346)",-2.6965531071201694
1550,"(745, 44)",-1.959689279886735
3003,"(573, 8)",-1.222480323620273
1797,"(503, 319)",-3.0731509203099976
1926,"(267, 42)",-0.3234211056498033
2850,"(538, 119)",-0.6740523448698537
638,"(301, 351)",-1.201854358582659
2809,"(807, 82)",0.7082651572635273
2420,"(169, 357)",-0.9949528757329296
3321,"(52, 70)",0.1899406670550124
1479,"(760, 222)",1.4769358935156385
1976,"(139, 453)",-2.980170842948174
2992,"(814, 432)",3.806754072121095
186,"(432, 489)",-3.923765111061171
97,"(994, 279)",-3.6279451702712415
1633,"(841, 60)",6.022501623093694
3244,"(736, 179)",0.2987903487254169
841,"(349, 309)",-1.6738560841980614
2995,"(815, 55)",-2.2140968691625424
2439,"(604, 414)",-2.6298787639489243
930,"(532, 453)",-2.60543497370793
946,"(888, 99)",-4.814195450708708
1330,"(114, 149)",1.1321315914019412
1956,"(848, 437)",-1.2949651669900262
1927,"(82, 379)",-0.2536022657638779
3298,"(424, 59)",1.2543350677165337
2682,"(978, 43)",4.213313163315167
1584,"(624, 5)",0.3274465633755569
1414,"(673, 162)",3.2993338222560817
2046,"(405, 168)",-0.9093042381678722
324,"(534, 469)",-3.5267137216336515
1032,"(656, 446)",0.3663217135518281
1971,"(398, 188)",2.3838041070948264
805,"(196, 437)",-2.953781013924063
540,"(407, 90)",0.5580993836212066
2092,"(309, 388)",2.230778252866612
2307,"(256, 363)",0.4111618494319207
193,"(699, 56)",-0.8319467032958353
1562,"(833, 225)",3.2190282917804427
496,"(267, 54)",1.2026657168544903
3241,"(255, 232)",2.3585834628489777
857,"(951, 74)",0.2984383246499784
269,"(116, 348)",1.75557191181738
2256,"(468, 24)",-3.797530526719477
1234,"(497, 200)",3.459156782753932
123,"(341, 230)",-0.0324102153815608
1433,"(303, 479)",4.879267920606717
1643,"(728, 409)",-3.150635783810834
2586,"(614, 461)",-2.7655852224538267
3114,"(241, 425)",-1.8885130342427077
2745,"(539, 46)",-2.0733789121312824
3217,"(48, 340)",6.199677016132331
1224,"(848, 152)",0.2644868972412677
1241,"(913, 219)",4.017116274586783
904,"(700, 272)",-2.348939102869758
1019,"(658, 127)",-1.7292387865367806
851,"(346, 295)",-1.2014873705717402
1979,"(290, 285)",2.271439299200526
1905,"(886, 243)",2.500070825462071
119,"(929, 217)",-2.5224686754076564
3015,"(837, 11)",-2.4555189456564293
1476,"(561, 135)",-0.8893207695743126
1298,"(586, 119)",1.86036383902334
2712,"(924, 298)",0.8578497669708579
1792,"(533, 243)",-0.5439665920228438
2425,"(801, 385)",4.14951819484756
2163,"(47, 403)",2.783457053174153
1648,"(93, 369)",-0.3996873366524578
239,"(668, 62)",0.6032956442248723
1305,"(871, 0)",-1.6651956546768196
984,"(33, 84)",1.6347526187850012
1623,"(200, 376)",-0.0194129225630227
2853,"(17, 33)",4.223041657492761
846,"(413, 259)",-1.399973182165481
2697,"(149, 302)",4.057485628989596
2226,"(432, 157)",1.834801546545587
839,"(77, 5)",-0.1815287341274408
1987,"(519, 88)",1.873676088857423
51,"(107, 243)",0.8556678011510241
393,"(385, 118)",-1.658406150266316
456,"(79, 272)",1.9533046551396211
1783,"(655, 57)",-3.3794243932917207
2282,"(953, 89)",-0.9728548110761538
2380,"(249, 121)",-4.651597824137681
2107,"(656, 94)",0.10786238375798
614,"(959, 255)",0.2284054841694672
24,"(135, 19)",4.072949750716745
3330,"(983, 413)",1.039588572126834
2545,"(507, 101)",-0.7398948518921441
2872,"(661, 420)",2.782193781965024
2525,"(22, 330)",-2.5980406326471943
2791,"(908, 286)",-0.3763472421260026
1832,"(569, 367)",-3.904615925932952
2375,"(669, 409)",1.4533913376507113
1030,"(639, 22)",-2.141572907144116
2987,"(587, 479)",0.2584631577972994
2967,"(371, 407)",2.1087064349823708
2566,"(671, 387)",-0.6370236048326778
639,"(862, 195)",2.3668000552745125
1918,"(666, 103)",-1.1481834142588283
1700,"(759, 352)",-2.163649983648657
861,"(796, 234)",0.505028689195895
1434,"(142, 215)",-2.140119392665764
1468,"(167, 181)",1.5213310188766298
2596,"(851, 363)",2.7897357058233383
774,"(183, 219)",-1.285506262815183
482,"(648, 57)",-0.245284876986275
3062,"(652, 340)",0.4392559545642739
413,"(172, 36)",-1.710115208744336
2644,"(972, 315)",-5.234116871826434
3093,"(955, 233)",1.769386984406882
2071,"(411, 278)",0.7821877631763757
590,"(134, 385)",3.34788396948009
3202,"(895, 415)",0.2616042991337012
1724,"(820, 210)",-0.5260083691642192
1892,"(158, 456)",-1.437429107499168
3144,"(157, 444)",-2.057633398717655
3063,"(871, 154)",-0.6780588264633888
257,"(114, 322)",-0.7888891981324405
1449,"(109, 366)",-0.3820977397631148
1393,"(226, 50)",2.1809134723482524
22,"(505, 329)",-3.192881634710378
2000,"(903, 366)",3.238416289811953
1269,"(769, 354)",-2.9770448981299813
1758,"(133, 48)",2.41582801310091
2534,"(632, 368)",-2.379941018176554
2466,"(36, 375)",-0.9028954656432232
3314,"(272, 264)",2.7929446945655285
3273,"(536, 84)",0.7545302935150945
2251,"(886, 27)",-0.4300347752182649
583,"(425, 341)",-1.8832505838165332
521,"(246, 253)",-1.1182451329094687
2621,"(880, 399)",3.276207442644541
2061,"(289, 64)",1.3403664691229615
1140,"(479, 91)",2.5477780667970524
2127,"(692, 324)",-0.7008777705283845
643,"(397, 219)",1.042983234343163
1764,"(422, 178)",0.1806564858956479
1385,"(174, 372)",1.3478600476509777
3000,"(160, 478)",-2.277181614679722
2855,"(953, 33)",0.0114759362193549
1738,"(810, 59)",-2.6189342914111644
766,"(250, 492)",-2.3605444318929973
723,"(93, 363)",0.695647358246288
1227,"(360, 438)",0.3881698735752521
454,"(450, 304)",-1.049376814050293
1377,"(612, 177)",1.432883044827277
977,"(588, 76)",-1.978431664587349
1267,"(890, 108)",1.9049102283755468
1965,"(666, 136)",2.3940731908326227
2037,"(212, 450)",-3.673905390178868
1793,"(445, 135)",-2.719590793061408
553,"(837, 169)",-3.182268738194149
711,"(615, 191)",1.0778173413976604
729,"(336, 284)",-0.7823966024959375
2455,"(42, 372)",0.5167040121214865
2817,"(962, 177)",0.9891187388917352
2171,"(275, 147)",0.4184028784248833
1681,"(188, 173)",-0.8069527437934874
295,"(266, 0)",-1.6233052827987229
816,"(171, 122)",0.7120618621384397
2192,"(728, 428)",0.1974687045453557
497,"(748, 461)",0.7558455317661762
2962,"(107, 203)",5.367966967401204
3066,"(626, 154)",1.7672079515782202
2233,"(895, 463)",5.976643279132188
3212,"(971, 335)",-2.530173314289992
1801,"(476, 377)",3.359792946022474
345,"(285, 247)",-0.453155154113019
3178,"(548, 12)",1.251538224760519
685,"(77, 168)",-1.776450298061705
947,"(132, 239)",3.1096225685363525
2926,"(865, 428)",2.9585726996778923
1631,"(608, 150)",0.1215596701259003
2577,"(844, 302)",-0.0227240201726379
3169,"(531, 455)",-0.1131510283899225
2431,"(509, 262)",-0.4650423976506473
129,"(963, 108)",3.916208131214178
669,"(70, 364)",-1.4938381221095214
2670,"(539, 471)",3.978721197780842
3331,"(672, 220)",0.7851678586285477
3325,"(87, 257)",-1.321668898279022
96,"(584, 177)",2.2411249002177738
2693,"(204, 96)",4.708382921776527
1262,"(897, 134)",0.2142118803804802
2833,"(640, 244)",1.756343337272909
1785,"(135, 277)",2.727578106379082
672,"(447, 419)",3.155017571414132
1673,"(489, 105)",-2.0746394888422257
2568,"(387, 220)",-0.7444606702339649
2600,"(341, 395)",0.9215382950324646
471,"(217, 15)",-1.2651858767657498
1946,"(662, 260)",-2.242569917709701
2639,"(323, 309)",-0.6676601858735726
3311,"(513, 483)",-1.3385134458063903
3071,"(476, 260)",2.528672517925602
2196,"(227, 161)",-2.6678078509505685
127,"(407, 77)",1.1724715876891043
611,"(763, 232)",3.2817487542010766
1363,"(532, 335)",0.4920520794931206
2495,"(487, 54)",-3.773029916666473
715,"(546, 430)",-0.0720111820881435
2452,"(867, 215)",1.1441185790360469
838,"(980, 63)",-1.6013693399740387
1667,"(105, 131)",1.197730506170796
618,"(515, 139)",-0.3877245584537693
856,"(370, 279)",-3.076122144585126
1989,"(598, 170)",1.7122684567871287
1846,"(776, 352)",3.899203943486743
4,"(389, 217)",-0.9835614116039676
3045,"(12, 64)",2.2379247912062685
3227,"(610, 373)",-3.227086507478937
1070,"(287, 238)",-1.1121540170266462
107,"(54, 430)",-0.7710542169703314
2590,"(225, 462)",2.491265804965107
1524,"(799, 29)",-0.4695881209233671
2549,"(39, 91)",3.5346871366899726
2402,"(139, 48)",-3.0268309608960045
2815,"(1, 472)",-2.721468023913892
2804,"(812, 182)",-0.2519700488766818
2585,"(641, 78)",-0.982073866045716
2193,"(578, 421)",-0.1777059496291849
786,"(637, 48)",-1.1003981723830651
2531,"(366, 328)",2.190070686202864
2567,"(103, 49)",-0.758161352352798
1961,"(176, 181)",1.3156026010348736
993,"(99, 419)",1.5792686343556217
358,"(990, 379)",-4.267207343943697
2461,"(662, 455)",-1.2381001149616744
2714,"(937, 312)",5.414023321107604
361,"(564, 201)",0.6116690289835123
615,"(996, 98)",5.545887277149931
2551,"(224, 475)",-1.1558543764611409
236,"(818, 387)",0.1168938547378082
2244,"(261, 133)",-1.4933448161536564
340,"(176, 31)",2.5668563999957645
1770,"(736, 33)",3.732903881819467
600,"(111, 24)",1.8725673785865689
2138,"(893, 24)",0.85192070125071
344,"(361, 444)",1.7335526527288607
880,"(693, 225)",2.5638332671869835
2395,"(566, 72)",2.8075363319176136
574,"(91, 296)",3.17734985542673
3246,"(391, 220)",1.7332263757293846
2626,"(868, 276)",-0.5812719407311134
806,"(983, 138)",2.7226511025530065
1132,"(286, 421)",0.1870234049439681
1446,"(289, 263)",1.9689780803926216
2258,"(118, 288)",-3.639814568869516
3206,"(453, 194)",-0.6201388496817509
2478,"(343, 170)",0.928234890154242
205,"(341, 93)",-0.8751007278355813
1240,"(668, 245)",-3.911103883032288
444,"(681, 290)",-1.6367108858558892
1122,"(589, 146)",3.6214258068428986
1745,"(906, 265)",4.897163666393204
2686,"(62, 277)",-0.0752008661585684
1986,"(679, 347)",3.335944715451692
2598,"(296, 346)",3.0394734572453626
912,"(881, 279)",-4.129268970107636
616,"(687, 265)",-4.169617620364372
2528,"(594, 91)",-0.2996974492250043
5,"(178, 20)",0.3678580049394599
2040,"(828, 465)",1.706588863602686
2786,"(813, 244)",-5.314715507027329
965,"(851, 460)",0.2185214890539039
2827,"(703, 94)",2.800753617307876
1809,"(24, 76)",1.5442555488700849
449,"(923, 230)",0.837645323262503
2079,"(730, 418)",-2.06706070232006
2227,"(645, 31)",1.3851187981216635
559,"(284, 234)",-3.5725826446951325
2532,"(274, 333)",-0.167190301220464
534,"(181, 438)",-0.0465051385239664
1505,"(566, 253)",-3.967796149060095
459,"(913, 433)",3.3845727538591195
864,"(44, 430)",-3.0107204145987314
2580,"(777, 297)",1.957214751913463
1022,"(735, 68)",0.0493773977531217
252,"(603, 230)",3.667858934992307
1162,"(416, 230)",-3.255386330612768
467,"(377, 174)",0.299467255499021
2887,"(40, 482)",0.2385165636838619
304,"(633, 203)",3.680203234259813
2087,"(17, 119)",0.6544730116363332
1534,"(170, 148)",-1.5470433236865793
1043,"(8, 367)",-1.9885181823337783
1120,"(822, 53)",-0.6299553174679166
605,"(50, 9)",0.7810938602344633
601,"(348, 277)",1.9748987013661623
463,"(557, 458)",0.3168391648182922
1709,"(573, 225)",1.92844544363288
1604,"(225, 344)",-2.744989321004358
2792,"(790, 275)",0.8585085877507822
1110,"(291, 1)",-1.7222433815087423
881,"(572, 92)",1.83178887509872
2303,"(943, 20)",-0.1226846321628882
1441,"(941, 205)",1.4189272046806372
1200,"(953, 61)",-3.699847065454114
700,"(900, 311)",2.669908349311581
1994,"(973, 467)",-0.7186594008910604
2607,"(615, 383)",0.7104049572968976
2822,"(565, 171)",0.6877336380255885
2824,"(529, 100)",0.244914263734784
1682,"(65, 444)",-0.8472835943776424
2503,"(369, 87)",0.9809575320447624
1841,"(707, 289)",-0.4299466731721998
374,"(961, 326)",-1.7590380661450509
2145,"(524, 138)",-3.5797455377530945
2632,"(251, 47)",-0.3703688115065263
1113,"(181, 161)",0.805636457229032
353,"(577, 440)",0.0521253166970842
2106,"(563, 459)",-2.3816904796704788
2559,"(179, 444)",1.6044218093364675
2513,"(161, 293)",0.8174451398612752
2539,"(439, 448)",-0.633336700725215
1455,"(192, 378)",1.6327890271223071
561,"(746, 437)",-1.5054362369677394
2582,"(325, 386)",-2.1798273197174978
3124,"(560, 292)",-0.7000173924705583
2776,"(35, 47)",-0.9341098875095114
2128,"(291, 97)",-0.3118755042527477
1331,"(281, 25)",-2.884713264008102
549,"(520, 72)",-5.072628135128163
78,"(707, 315)",-1.3406993580289523
1219,"(566, 129)",-2.0482831639736667
2562,"(9, 46)",1.5683527999999745
2374,"(379, 436)",-0.768770246933316
379,"(942, 131)",2.2513309211504264
2483,"(637, 489)",-2.176743612042209
254,"(845, 90)",-0.6345842023009907
705,"(673, 184)",0.7942536933593443
1708,"(405, 411)",2.4376566597940728
2142,"(980, 253)",0.1487064477918359
1619,"(359, 221)",6.638368028537988
160,"(227, 214)",-0.4955229457258723
2078,"(439, 113)",0.1101200824836013
83,"(45, 79)",3.8124600532996102
1073,"(747, 391)",0.7275027744562222
3302,"(571, 235)",2.517171657182461
494,"(216, 265)",-3.782684798461169
783,"(165, 17)",2.465183748231099
3136,"(235, 306)",1.242864218164485
2101,"(778, 456)",-0.8788540828784681
2150,"(882, 33)",-2.2330302516098164
3205,"(619, 66)",0.4513697477226472
1535,"(966, 272)",-2.3611615607826626
2806,"(555, 393)",2.1550770576839526
1948,"(571, 91)",0.3296908091193989
2981,"(493, 41)",1.9839461007273675
2202,"(541, 253)",-0.7961329919339587
2332,"(20, 46)",1.9865332651101804
3277,"(678, 386)",-0.4534818564723707
1842,"(758, 370)",3.000241912170141
1003,"(714, 321)",3.381972844119856
264,"(314, 319)",-3.2961763517505647
870,"(635, 171)",-1.0178576355661135
792,"(980, 250)",0.7103769325994026
1207,"(111, 38)",4.390426629496831
2376,"(89, 208)",-1.21690608353216
2294,"(23, 473)",3.3846006694635373
1500,"(453, 20)",1.967374229710344
1657,"(93, 347)",3.295025555765616
2396,"(313, 60)",-5.343232312920396
354,"(263, 58)",3.4399103712036863
686,"(528, 372)",1.1100939306811304
3078,"(788, 204)",-0.2030417940080984
2700,"(82, 285)",-0.0778028059839084
684,"(250, 397)",0.9865594702565144
2522,"(624, 102)",-2.8874816137371746
2022,"(804, 195)",1.3533160951350531
2160,"(987, 29)",-3.8220456791179553
2045,"(894, 239)",4.51010310504602
736,"(604, 121)",-1.222712554768428
953,"(543, 463)",7.746382354509012
1238,"(181, 365)",1.6712702115252995
2615,"(401, 300)",0.5281099806653529
2547,"(928, 463)",2.235880840994902
1169,"(804, 491)",-2.991749083271736
2936,"(72, 407)",-1.972214123409816
826,"(446, 11)",-0.921932735502006
526,"(241, 471)",2.044045652315482
2732,"(55, 414)",-1.7160637236210177
1161,"(796, 421)",4.204085272219896
2120,"(120, 168)",-6.756348915770138
2805,"(672, 484)",1.6891779794516562
1451,"(441, 456)",-0.3526977117157267
785,"(271, 103)",1.1501034820119045
676,"(148, 202)",-0.1475440625426476
1518,"(467, 399)",2.197547490239444
3316,"(807, 289)",3.864710429574589
1659,"(140, 152)",6.881871057209536
1047,"(168, 258)",-0.5430696877831321
1877,"(676, 212)",-3.0357123626848312
2737,"(919, 186)",1.0107919822820433
1056,"(924, 477)",0.2316404427547244
209,"(446, 190)",-3.3203411509981557
343,"(677, 250)",-2.030594696549884
2313,"(56, 138)",-1.054249258889216
2479,"(579, 343)",3.536635963298292
2573,"(625, 497)",2.971823929428981
2153,"(102, 366)",0.8808726572810011
823,"(154, 233)",0.4168434315266268
1156,"(517, 287)",3.263978428751333
1885,"(363, 8)",-3.0788253562527754
670,"(162, 476)",-0.2422352943305306
1404,"(731, 145)",1.05568390704202
248,"(954, 385)",-1.3155258979576248
1143,"(185, 56)",-3.221463472042628
66,"(496, 290)",0.6192047345078514
2384,"(50, 150)",1.8767572876662904
2144,"(1, 29)",-4.076339651998936
1881,"(940, 199)",-2.8773763524643807
111,"(661, 450)",-4.468838372324416
293,"(466, 27)",1.774974830463426
50,"(340, 104)",3.573131108824575
1419,"(464, 72)",-0.7295057086638287
390,"(943, 368)",-1.4447090656539372
114,"(118, 160)",-2.670331097043633
2880,"(963, 476)",-2.4835757564116827
2597,"(863, 131)",-4.406963999812787
3075,"(899, 73)",0.0483528171522524
1663,"(19, 370)",0.8807349740334318
2648,"(851, 303)",2.961796437590215
1310,"(200, 214)",0.242459399980967
866,"(203, 60)",2.7191396019725773
2812,"(779, 413)",-1.287155045386431
2009,"(276, 29)",-4.550456573843993
721,"(931, 309)",-1.316450311291269
659,"(137, 5)",-2.094191173574467
2419,"(933, 192)",-0.5570196462765717
2146,"(849, 28)",0.4326752951552287
712,"(194, 103)",1.824195861917268
32,"(174, 1)",-1.0113862695921338
962,"(725, 228)",-1.2750117469625046
2557,"(497, 201)",0.4439573612830633
432,"(311, 228)",0.2651600916185384
148,"(339, 146)",1.3546656059832365
39,"(877, 198)",1.1875203628085156
2095,"(268, 349)",-1.8446407724678653
1373,"(690, 283)",-1.8648181098389756
1589,"(973, 53)",0.8760289008499811
240,"(356, 289)",4.43363260560335
1253,"(0, 18)",1.1661411749490602
3293,"(274, 482)",-1.4751174127502742
2184,"(174, 83)",1.5681138317896424
1272,"(853, 461)",5.294968441863969
621,"(887, 314)",-1.2116032356360062
329,"(34, 456)",-1.158513776972868
221,"(951, 386)",-1.3557938862942387
2601,"(315, 149)",0.6394504128947229
2039,"(537, 104)",-0.8474497616663637
397,"(55, 217)",-0.0881361979226419
2718,"(803, 288)",4.208442986356422
2884,"(542, 399)",3.5154769458785697
58,"(828, 183)",-2.792045795834733
2889,"(861, 355)",0.3179054276361212
2164,"(420, 383)",0.3793429462595464
2405,"(974, 247)",1.659268208581411
1799,"(808, 361)",1.6126932747128186
2671,"(826, 56)",2.7102307089738336
991,"(813, 405)",3.636079526859673
2890,"(319, 256)",-1.0252383133278389
2752,"(707, 45)",-2.5842863687098223
2176,"(663, 337)",-1.4472480711574005
139,"(789, 98)",-0.4132765874945062
579,"(319, 9)",-0.2330072588548632
490,"(482, 499)",3.619551397367449
1001,"(380, 441)",0.9709281186639138
2965,"(530, 406)",-4.179616343359255
2429,"(872, 423)",-0.8001968283738012
2007,"(608, 314)",-4.147496448436509
234,"(633, 487)",-0.0462492225565855
2673,"(623, 215)",1.651941404046437
126,"(658, 492)",-7.607915991639386
619,"(799, 365)",2.0119049428959137
974,"(908, 12)",-0.6956941804155596
1757,"(265, 240)",0.7165312711323181
1588,"(425, 237)",-0.3278977560128159
351,"(978, 187)",3.7639055294685786
1887,"(654, 446)",1.9173686805606924
668,"(855, 195)",0.6155498118787731
2067,"(210, 376)",2.720972549324828
2034,"(936, 0)",1.28845152379188
2029,"(104, 292)",0.8090552521025172
384,"(552, 194)",-1.5597639813348296
3039,"(817, 427)",0.3411306739477412
2845,"(148, 255)",-2.645199026937985
2195,"(747, 107)",0.0348838157734635
598,"(961, 378)",-6.334618260381036
253,"(327, 319)",5.989424831140829
3088,"(616, 400)",0.8436947452948713
500,"(114, 293)",1.1831132004387226
716,"(700, 86)",2.850759679067468
3016,"(474, 472)",1.2549332191722335
1198,"(819, 88)",4.915646486324605
827,"(784, 295)",3.1507830985745766
608,"(47, 95)",3.6803553128028734
951,"(453, 185)",2.521880419689067
3050,"(414, 487)",3.2588494200405766
3094,"(378, 84)",0.7312463486954023
3049,"(633, 422)",-2.681760165689474
2490,"(371, 131)",4.973451572832385
3191,"(278, 277)",-1.2877628724567831
1706,"(494, 215)",-0.7313278100258128
741,"(290, 144)",0.3031886264646256
2618,"(316, 367)",2.9146339601793567
1150,"(126, 164)",-1.1368341690640078
1126,"(101, 307)",1.5605106811464915
2907,"(478, 31)",0.0849016274426527
2867,"(124, 372)",0.4170549963543271
2005,"(452, 130)",-1.170208408914167
3087,"(415, 39)",1.36066336942308
3084,"(210, 57)",2.80025865111206
2613,"(632, 469)",-5.68484835069217
2154,"(798, 371)",-5.358183266800339
56,"(122, 190)",-0.6119584878008174
2217,"(446, 250)",-1.819895633683019
211,"(220, 282)",1.524038609393262
2084,"(232, 453)",-2.347387127137332
2221,"(531, 280)",-1.2634050907683143
2642,"(450, 74)",1.3932815271820231
557,"(477, 437)",-1.6657518881523148
560,"(785, 194)",-2.506871874325567
1293,"(114, 129)",-1.2489676008109265
2905,"(572, 38)",1.5799873129312982
2715,"(636, 154)",1.0831207402145429
1662,"(775, 429)",-5.965278168990444
1125,"(107, 308)",-4.048248016508675
1228,"(913, 60)",6.833390568799839
1953,"(506, 488)",0.2070639868049793
1025,"(569, 98)",-2.4662781748068534
1180,"(831, 431)",-0.9916209318292072
3040,"(353, 129)",5.0253035703237625
1949,"(951, 472)",0.4441462478581697
963,"(736, 142)",-2.863361936012096
2057,"(282, 51)",-3.27664903332834
1836,"(445, 380)",-3.920023435868304
2255,"(406, 118)",0.067313098295837
767,"(703, 214)",-0.5627026885995502
713,"(23, 102)",2.873039508452321
754,"(760, 419)",1.6817063826317835
3150,"(854, 17)",-0.4667801962522225
702,"(986, 288)",1.3748195454780827
2319,"(740, 135)",-6.8552586607997394
2650,"(464, 458)",-0.5017379646452121
763,"(443, 267)",-1.2582932847153014
2323,"(937, 136)",3.374215281412622
809,"(760, 276)",1.1522571824387902
16,"(990, 95)",1.6817398456019892
2358,"(934, 97)",-1.2916082443965395
2042,"(840, 461)",-1.1564805758768637
1936,"(354, 384)",-0.1013306183911793
1178,"(715, 177)",1.86952842622573
2773,"(857, 295)",-3.0477639224529405
2489,"(924, 265)",-2.067740739297635
3107,"(154, 140)",-3.987818877605072
708,"(602, 469)",-0.7183208307920276
2499,"(355, 127)",6.835095571172276
998,"(559, 34)",0.1297163769567198
2469,"(382, 425)",2.5790819190658514
1337,"(467, 379)",-4.473281020309408
647,"(563, 340)",-4.130790342755677
2989,"(644, 128)",1.904343754498093
1915,"(137, 352)",1.806867181241105
2041,"(843, 8)",-0.0230452773344825
2556,"(129, 212)",5.5007990055150096
1761,"(69, 204)",1.4752474828447544
1766,"(947, 45)",0.9897143420544012
658,"(111, 34)",2.9019490377152524
228,"(607, 426)",5.470556516236324
41,"(417, 46)",0.5791056718388772
532,"(517, 416)",-6.413976253891239
1348,"(202, 317)",2.8733021239099754
757,"(426, 38)",3.0627588140169038
2028,"(871, 429)",-2.2344412876696738
2182,"(598, 100)",3.3305977059417384
115,"(468, 399)",-0.920022204843176
1934,"(588, 167)",1.4052627360573935
1687,"(433, 43)",1.925008038367324
2377,"(616, 13)",1.8717481388247417
3110,"(863, 80)",-0.2060541477824402
2020,"(667, 406)",5.440485405831657
3119,"(230, 71)",-8.212709218680112
2366,"(515, 19)",2.188455095533939
1226,"(829, 29)",-1.7509424624139591
940,"(124, 67)",-0.1844286869655649
2610,"(284, 28)",1.3416609210679964
1010,"(285, 282)",1.1870102557842457
2818,"(491, 75)",2.476298813902697
2267,"(649, 186)",0.4963852092132056
1925,"(789, 105)",-0.1212555160376388
1747,"(714, 277)",1.8374314198276351
2357,"(477, 6)",0.3532800274079844
1874,"(8, 494)",-0.2667423190250153
1510,"(434, 309)",-0.2405526328723813
1697,"(130, 419)",3.656357844145111
1692,"(996, 347)",1.405878817261291
1087,"(410, 441)",1.36017693420972
2382,"(910, 199)",0.9372539336655988
173,"(814, 323)",1.335458243028106
1176,"(453, 2)",0.2630861252391834
2473,"(846, 31)",-4.57474610594726
898,"(79, 263)",6.155334149670598
3170,"(296, 159)",-0.352131903575886
1044,"(407, 179)",-1.3382602369750576
2951,"(780, 299)",1.836107233497789
2630,"(746, 280)",-1.333163765844115
3194,"(990, 9)",-1.5806862680997085
134,"(219, 96)",1.440280885921636
1538,"(936, 431)",-2.319931379933973
2342,"(83, 358)",-2.713335997304759
1943,"(268, 148)",-0.1021175638618758
2135,"(29, 56)",3.27001669582676
2433,"(922, 144)",1.431416104939114
2978,"(643, 203)",1.528946136821145
2794,"(949, 297)",2.718482364776496
3118,"(537, 241)",1.1063222592721902
2234,"(131, 60)",-6.566842653107907
843,"(309, 155)",1.869297042100473
3163,"(371, 453)",0.6776234723767991
875,"(760, 347)",2.6310698607359644
535,"(328, 222)",-0.6230939512761053
2710,"(603, 267)",-3.517454510584934
1081,"(566, 496)",-6.331735074837025
837,"(181, 202)",0.9494322046875336
2927,"(259, 470)",4.826938081103182
2931,"(830, 371)",-5.2114165113384265
501,"(4, 182)",-1.2697522882274068
3067,"(994, 93)",0.5952427501068526
1850,"(955, 93)",3.1084075414152923
1478,"(573, 253)",-0.5310987486289387
1568,"(189, 453)",-1.0057884302784788
1606,"(726, 253)",-0.7712034847382069
1145,"(510, 460)",2.9549759549167627
1406,"(37, 342)",-2.4080247711225176
3203,"(616, 349)",-2.1439884152738826
2908,"(44, 447)",-4.246183092466246
1696,"(88, 17)",1.3737220266379582
1039,"(103, 342)",0.5078083588521677
3035,"(814, 71)",-0.3487604527901059
1096,"(438, 312)",3.6093299204951497
2492,"(456, 478)",1.4147998710450438
2188,"(494, 349)",-2.742750784746236
404,"(755, 422)",0.7293045876744159
2521,"(468, 323)",4.642006537695209
1447,"(284, 62)",1.1775462165007595
1148,"(81, 123)",-0.5033738140537712
3256,"(887, 329)",-1.3900044495307018
3296,"(4, 169)",1.7179157103786191
80,"(964, 245)",-0.5980989643432079
3097,"(976, 59)",-1.765483486602624
1688,"(571, 196)",-0.0302493069498306
2222,"(279, 359)",-1.0249155390939668
3043,"(938, 331)",-1.4965523307742392
1737,"(64, 454)",2.827706549615949
2581,"(777, 366)",0.3876879507903881
2879,"(428, 173)",0.0707468613789717
2849,"(396, 147)",-1.2313323342774338
531,"(870, 283)",-0.0727058089889974
31,"(792, 14)",5.014094869831548
1193,"(616, 263)",-2.862715024237182
2944,"(913, 200)",-2.885066112871579
1210,"(376, 416)",3.5200806559548985
2311,"(651, 367)",1.1846461478821146
156,"(752, 259)",1.150753968319658
1245,"(129, 470)",5.5908065228463295
20,"(944, 120)",-1.747906517565731
2050,"(319, 378)",0.1286962509042573
3276,"(979, 408)",-2.6466065508101897
714,"(659, 127)",-1.5031651493522136
1413,"(723, 88)",3.0673787647233266
2524,"(960, 411)",1.1430976028732742
1829,"(350, 271)",3.1021459368278546
2813,"(972, 484)",-5.936763111656724
1789,"(859, 195)",-1.6184031489744566
2178,"(69, 361)",-3.877432107925261
1743,"(582, 178)",-3.621639726172437
1021,"(128, 272)",0.0001690820301189
1444,"(482, 412)",1.1598660810240191
3211,"(734, 453)",-1.6232665725444726
1975,"(164, 247)",1.9299710729449624
3077,"(795, 235)",2.299329652909865
289,"(533, 455)",-0.0609798739243117
2778,"(647, 312)",0.5689272246696364
2229,"(571, 329)",-1.949340248028396
3076,"(973, 287)",-0.7848065572507836
2115,"(122, 324)",-0.4067400160301107
1502,"(192, 292)",0.4340566135160757
858,"(754, 224)",-0.1351043978777213
954,"(690, 32)",1.0451490042968594
876,"(595, 401)",-0.9243361454454172
2771,"(802, 329)",1.1442938168955807
2211,"(858, 451)",1.749386968332323
3292,"(918, 423)",-1.9221842658098849
2614,"(685, 367)",1.7465011428473194
2212,"(546, 135)",0.5676188046985637
1951,"(351, 200)",-5.258820698452257
2200,"(451, 447)",-3.398660247884
2629,"(17, 131)",1.7932500893089411
992,"(284, 55)",2.670937634069722
863,"(414, 84)",2.923373616820954
437,"(4, 237)",0.7109090064186583
3037,"(360, 137)",-2.833250287131113
2787,"(507, 280)",0.1702081765411451
2870,"(813, 260)",1.8123001517899624
2920,"(964, 259)",-5.10237690642222
3106,"(687, 310)",-1.443436733937546
1969,"(237, 420)",3.68198562626983
2388,"(829, 439)",0.7581006004121058
1627,"(367, 409)",0.917189359416998
2172,"(228, 150)",-0.1682803483328654
2330,"(919, 71)",-0.8017302940361704
2063,"(748, 128)",2.2439243668176
892,"(636, 140)",-0.0460981872095253
2,"(669, 319)",5.720635811566414
1689,"(477, 70)",0.0714654081466585
2285,"(709, 35)",0.4423861014024583
3265,"(975, 43)",0.7636633155361803
3054,"(338, 155)",-0.7907305894456738
2133,"(413, 7)",-1.104996842011099
2170,"(551, 396)",-1.998643562495224
3226,"(834, 128)",2.0106001290580204
2010,"(334, 485)",-0.9875088348772076
828,"(325, 383)",-3.5097782176879537
882,"(453, 285)",2.771316390452051
1435,"(283, 407)",-2.04519509029054
360,"(12, 356)",-1.289383284319329
622,"(843, 69)",-0.2378662407307812
3182,"(558, 369)",3.0463425194529528
2487,"(824, 266)",-2.152629523590464
161,"(268, 247)",-3.7154229679430544
2655,"(267, 464)",3.814586371589837
1137,"(519, 454)",0.3798768248082976
2370,"(102, 174)",1.5442313484945247
1403,"(952, 52)",-3.45755356573214
2807,"(605, 273)",-1.4601155853129084
2576,"(301, 2)",3.138985364033084
1417,"(338, 452)",0.1471809838850931
2558,"(445, 379)",-0.8605908138112626
918,"(922, 488)",0.1924260019425491
2538,"(381, 94)",0.9421424299474964
569,"(504, 260)",1.381999664671567
556,"(73, 259)",-7.901128435201843
764,"(812, 343)",3.747689130323404
1281,"(76, 261)",3.536307854799179
753,"(735, 3)",0.7725529975637374
2842,"(545, 267)",-0.1790454996526011
1695,"(154, 238)",7.332612792551195
202,"(101, 299)",0.3073513209452851
3057,"(753, 196)",-1.761900693338862
645,"(226, 23)",5.35914902268998
2148,"(637, 441)",0.4948368038121057
949,"(856, 175)",1.8682256195967089
2467,"(353, 87)",2.521248849939035
1311,"(696, 57)",-5.962512545177871
1485,"(729, 80)",1.1910239841749457
2860,"(955, 313)",0.9161043324628032
591,"(341, 52)",-1.0108802603817986
2554,"(578, 175)",0.7354258062625321
3222,"(950, 212)",2.612988125010809
2572,"(617, 41)",1.7326962978367997
1141,"(112, 101)",3.647439411654046
821,"(322, 369)",1.023112579453617
1782,"(247, 35)",9.298244039376977
1713,"(496, 114)",-0.5997214426294485
2640,"(506, 167)",-0.9809223459100074
28,"(476, 97)",0.6722885907449431
1060,"(27, 196)",1.06661883443833
1142,"(958, 99)",0.6980373506655745
2739,"(826, 446)",-0.2787007697623606
3322,"(823, 385)",3.268291502271281
860,"(972, 355)",-3.2114090519042136
1530,"(645, 85)",0.1563280599713051
817,"(966, 124)",-3.580516541068837
1779,"(811, 29)",-3.097864756386321
1309,"(342, 385)",-2.066655112741355
2537,"(793, 164)",-4.468657426043658
1577,"(87, 185)",-1.2480618699016923
1410,"(490, 277)",-0.0594950339182377
141,"(202, 484)",-6.167431824252169
782,"(947, 178)",-0.141274034030463
2691,"(55, 204)",2.885377302033232
61,"(40, 128)",1.289597763246212
2214,"(838, 104)",-0.053236529568834
3159,"(455, 337)",0.6364021775174507
3072,"(901, 425)",4.346077445816373
1244,"(131, 354)",1.0976534664223
530,"(904, 373)",0.022342508148409
2168,"(796, 474)",-0.2121807256678766
772,"(319, 482)",1.3756711823309986
2934,"(936, 264)",-0.9893004022967616
2750,"(586, 83)",2.254148875912766
1597,"(675, 488)",-2.788781038196131
761,"(529, 199)",-1.9605136590459324
1054,"(850, 366)",0.1268989607777749
3006,"(387, 39)",1.3398042744178222
2166,"(353, 225)",2.033496021127668
89,"(717, 211)",-1.8459495598618312
1080,"(521, 229)",0.4851285806205083
2458,"(63, 87)",-1.702300270988307
3188,"(164, 229)",2.15546530685597
2948,"(38, 327)",0.6717937598929153
2969,"(344, 89)",2.058154826026968
38,"(757, 328)",-0.8718597671868827
3187,"(794, 442)",1.5741444786916552
310,"(889, 63)",1.914045922170701
2062,"(935, 282)",-3.377704496371989
2636,"(512, 244)",0.737108053917001
1456,"(887, 160)",-0.3606954828652617
1177,"(343, 83)",-3.679975938355266
2320,"(596, 184)",0.3991381093254989
1055,"(157, 255)",-1.8736884693851
1617,"(352, 102)",-1.218807093080705
440,"(61, 311)",-1.867197618866988
1573,"(162, 17)",0.9857480121066
573,"(118, 167)",3.079339160995324
1307,"(527, 444)",1.4222507642848197
1136,"(365, 392)",-3.75620339303605
225,"(912, 116)",-8.44037934000533
2048,"(563, 0)",-0.813038473223019
3240,"(718, 76)",-2.6333552618899185
1521,"(466, 259)",3.132356578076295
1225,"(948, 418)",-0.5065554399051859
1660,"(31, 309)",6.575054610980025
679,"(751, 422)",-0.6295564135964025
1299,"(841, 141)",0.3568799559201673
1038,"(40, 39)",0.0327489975119918
3254,"(900, 144)",-1.0442948979531774
277,"(443, 119)",2.027009989308227
576,"(492, 121)",4.740240099921136
1185,"(946, 135)",-3.2135974653686903
628,"(632, 168)",0.7738204596599396
386,"(727, 427)",-2.756728340752781
2054,"(442, 384)",4.770757787778319
2363,"(769, 305)",-0.0075062650589803
2620,"(108, 33)",-0.4506741566723603
2785,"(926, 192)",0.6357570034697261
108,"(978, 296)",-0.7919949248467707
144,"(538, 326)",-1.8494988428979455
1613,"(650, 130)",1.9826040359025687
401,"(928, 266)",0.5215232356111338
2468,"(452, 281)",-2.570326187514744
952,"(875, 404)",0.3740292799628951
1950,"(7, 43)",0.6308823928247057
1190,"(798, 105)",-0.2304111842121204
200,"(144, 479)",-5.412234220836807
3297,"(63, 315)",-2.294220107075038
2976,"(113, 282)",-2.9407678259645404
226,"(337, 114)",5.674286375146605
2846,"(773, 192)",-1.819586924965213
1749,"(365, 408)",-0.533403132239457
2611,"(909, 403)",1.0327795425699726
232,"(957, 443)",2.4083783905316527
2199,"(967, 54)",2.417579548156475
1933,"(972, 468)",2.0408093914201024
458,"(39, 403)",5.52604335899664
1428,"(951, 289)",-0.0515389111337817
2444,"(279, 484)",-1.327895521972965
3036,"(210, 190)",-0.4138825224121589
2688,"(121, 58)",2.414988959166872
2988,"(465, 45)",-0.3187749093873395
1748,"(672, 338)",1.2418899254757567
2097,"(133, 5)",7.161663456971259
2711,"(819, 446)",0.7493323259192505
1605,"(850, 116)",-4.490635677831464
1820,"(64, 445)",1.2166059652377652
3041,"(547, 439)",3.058053856466086
1912,"(914, 22)",-1.639553222799372
2811,"(482, 166)",3.4023309144008773
2155,"(433, 34)",1.9994395732414512
1066,"(955, 18)",1.0075413284451868
2816,"(636, 238)",1.4766683285429316
2463,"(819, 379)",-0.6970696895689791
2228,"(570, 441)",1.276417736162835
2435,"(569, 108)",1.2419730101029771
572,"(565, 117)",3.2297580154000363
683,"(813, 92)",3.892169771785078
2265,"(469, 157)",-2.6772082160041712
1798,"(542, 192)",0.8191330846987506
748,"(926, 194)",-1.925563784182741
1656,"(41, 306)",-0.9188811615582404
2847,"(147, 191)",-1.4639847522737357
2118,"(309, 355)",3.059677835215816
187,"(264, 366)",2.566925841976075
877,"(737, 430)",-3.7371941599865535
2006,"(449, 438)",0.777988156119802
2126,"(278, 76)",2.353876454840245
2599,"(413, 427)",-0.7688915353880499
2689,"(954, 254)",-1.063897242277331
2994,"(453, 146)",5.800025109174052
2345,"(152, 21)",-2.1279345020181517
2131,"(347, 144)",2.0005420643126657
2301,"(82, 293)",-0.4760344448732065
1257,"(248, 366)",1.2794899787572285
1693,"(191, 141)",7.853601850764807
2796,"(130, 271)",-2.0031516976228776
2866,"(675, 370)",1.6211040550920228
717,"(567, 394)",-2.9142382168950363
3073,"(763, 396)",1.470065131293146
939,"(614, 418)",-1.0984478012621697
2494,"(16, 242)",-6.720642749388423
3288,"(95, 10)",3.743708572812346
3198,"(701, 411)",1.0703124200978693
2236,"(588, 375)",0.0904404645303677
2902,"(301, 155)",1.3413584946944548
296,"(755, 268)",-1.8596553135447629
1477,"(177, 301)",-1.7749284511083925
434,"(568, 390)",4.026433417784557
3105,"(167, 250)",0.2219459898348899
1716,"(808, 162)",3.396398113712464
1625,"(855, 70)",-3.842060774655817
1647,"(643, 328)",-4.379873648545104
1049,"(229, 285)",1.1157662650225857
3100,"(338, 340)",4.13569378562097
510,"(542, 436)",-0.062715794810673
2047,"(597, 274)",1.4305098938574303
2386,"(265, 47)",-1.1693022766237515
2336,"(868, 444)",2.9073424435029573
1256,"(759, 195)",0.3904887024882991
804,"(727, 137)",0.3823602029582317
2511,"(157, 139)",-0.0478912150993416
1000,"(80, 402)",-0.4799061729109672
2245,"(219, 56)",-2.167227016130542
2343,"(580, 486)",-0.5115207495401951
2501,"(495, 306)",1.3053942463333192
3275,"(580, 460)",-1.2469629233727402
1876,"(617, 9)",-0.9921755346146258
1334,"(279, 67)",-2.627948605191498
800,"(787, 116)",-1.2051651730713455
2668,"(693, 361)",0.5856508453358567
1873,"(83, 71)",-4.303074046507192
2086,"(866, 4)",2.684283128708862
2800,"(59, 497)",0.2318953267090707
1810,"(323, 161)",-1.3891252864486192
1843,"(760, 254)",3.136348046192289
1308,"(839, 235)",0.4631216616428184
709,"(363, 132)",2.4799292595501945
1769,"(450, 44)",-1.474067096392359
159,"(179, 89)",2.137392667690048
2312,"(501, 487)",-3.818437299913931
1557,"(12, 437)",-2.1314144838951443
1388,"(703, 440)",-0.3073499500822529
1581,"(947, 248)",1.548110222402686
2828,"(160, 29)",-3.340335230139952
2295,"(183, 162)",1.816806810764649
2209,"(404, 217)",0.5275798058723611
894,"(702, 391)",-3.0412033435378008
23,"(611, 369)",1.3144595542781965
3146,"(164, 107)",2.710112277729378
1473,"(13, 357)",7.097108918360069
3234,"(672, 365)",3.5864911506520283
1501,"(888, 131)",0.2361226235325244
2757,"(814, 392)",0.4339525683162842
2587,"(883, 424)",1.5808366126624802
1898,"(280, 316)",3.0610838815514927
1274,"(264, 365)",5.831469304475025
594,"(746, 78)",0.3617704258887753
656,"(233, 271)",2.1622657996204406
2456,"(160, 235)",0.0119399717520093
921,"(587, 78)",-2.360733729489741
1554,"(85, 359)",-0.2007758496759431
575,"(660, 380)",-1.5117678883384245
2051,"(70, 239)",3.057824421490146
3236,"(150, 448)",0.7390102838165953
2865,"(595, 384)",-1.0930981808793925
2074,"(404, 258)",-0.0812008852155538
135,"(512, 196)",0.7107191559070343
2544,"(764, 107)",-1.943850365583861
3033,"(632, 129)",-1.1674280525143246
3098,"(852, 15)",-1.0480706479487127
2081,"(375, 51)",-2.565161082521149
1566,"(107, 347)",0.1647023577239349
2891,"(303, 73)",3.634107322270357
914,"(255, 16)",1.9711764617065408
448,"(679, 195)",-2.0820135721841635
302,"(622, 64)",-0.334381196746485
309,"(184, 264)",-0.0939467691024966
1733,"(239, 354)",2.267244312139648
370,"(579, 385)",-2.358464735352743
1640,"(223, 383)",1.435042703065853
671,"(549, 20)",1.59250675256856
801,"(978, 85)",0.1275227788028393
726,"(486, 56)",1.9952067380434744
884,"(102, 298)",-0.3805435454827451
2012,"(49, 41)",0.6022361528771268
1277,"(389, 213)",0.2825232200153535
2820,"(57, 110)",2.838225846986725
17,"(355, 49)",5.272083915296792
1816,"(26, 152)",3.1445016906769845
3099,"(680, 338)",3.451899795176137
316,"(880, 341)",-1.314614436759285
1889,"(679, 338)",-0.0724653880378571
995,"(480, 107)",1.3461498707987192
2408,"(364, 198)",1.9502631304406155
2923,"(446, 232)",3.0030717793953547
37,"(253, 359)",1.387426151294182
1313,"(168, 266)",0.0198616329821832
3280,"(711, 280)",4.698897578184089
1265,"(712, 366)",-0.0417407988909899
1594,"(168, 28)",0.3681236786287932
773,"(74, 464)",-7.500952797125741
1046,"(912, 370)",2.1370303338326284
2284,"(995, 178)",-0.9751450208450962
872,"(256, 93)",-1.11412611562345
93,"(326, 44)",-1.6454919653556006
1894,"(827, 199)",-3.0968032318795045
2830,"(521, 78)",-0.0812804471109667
2481,"(569, 170)",-0.2291491953594283
1675,"(935, 374)",-3.1517704775788773
2656,"(152, 130)",0.1850079756116455
2075,"(143, 148)",-0.7964594931246377
1722,"(350, 353)",-0.5104900199182109
2768,"(231, 26)",-1.2717334681283925
2017,"(465, 415)",0.2004009601791229
634,"(465, 123)",-3.672218058317122
2275,"(571, 311)",4.1804863869016895
2684,"(842, 407)",-1.544014028139736
94,"(288, 193)",0.6959691439809516
1405,"(827, 77)",2.485440783608663
1175,"(352, 411)",-1.6941046167086042
3313,"(520, 113)",-0.6615751826596975
2854,"(145, 335)",-5.368737815748378
2624,"(180, 39)",-1.4154348085708488
2341,"(135, 271)",-3.641372272992813
969,"(664, 419)",3.259036848216699
2158,"(784, 117)",3.603526319010504
1861,"(573, 313)",1.0727679282085203
1402,"(368, 402)",-2.3948292419344246
2637,"(832, 261)",4.19352807923235
1527,"(153, 96)",-5.895693205417908
3053,"(531, 341)",-0.9447969031363336
1048,"(153, 343)",-1.2796871406963657
1679,"(297, 420)",1.090060907419879
3190,"(357, 220)",-3.0642061524588917
2124,"(939, 195)",1.9224840868880892
2945,"(545, 324)",0.9751664875276432
1251,"(255, 353)",-0.5539903057284556
3199,"(598, 126)",-1.607826960819666
604,"(437, 416)",-0.0163884555177289
2475,"(718, 47)",-1.980822829138242
1283,"(569, 168)",-0.4407582856595644
680,"(264, 322)",1.2417038951459691
400,"(421, 116)",-6.574418048895164
1439,"(656, 139)",1.3758981273159216
2340,"(954, 274)",-1.3497602436247669
2109,"(112, 293)",2.725132705771539
1670,"(629, 193)",2.892838595578997
112,"(866, 261)",1.3392428633103242
1102,"(809, 216)",-0.9962349249413665
3173,"(428, 270)",2.301625338193258
2476,"(797, 487)",-0.1468844212520581
3026,"(842, 85)",0.3542343354771815
2553,"(244, 262)",1.0064208505827417
3095,"(95, 247)",1.7547304710288272
2541,"(0, 195)",0.4141257598174145
451,"(819, 156)",2.239707826649079
428,"(718, 227)",-3.089533365511838
2685,"(576, 455)",1.0385015965299584
3032,"(628, 31)",-0.0710803675391908
770,"(950, 128)",0.2596557362967916
2515,"(605, 78)",-1.5502389948703377
3113,"(803, 470)",7.090008715852645
2008,"(574, 251)",1.5053706416806707
462,"(659, 231)",0.7073544544339514
1213,"(676, 365)",1.281921555667186
1852,"(526, 462)",1.05826077251809
2349,"(921, 253)",2.2792168374082458
484,"(840, 328)",-2.6185091209692497
1997,"(602, 396)",-1.1913186053276552
771,"(130, 289)",-1.2567447703821333
1369,"(26, 461)",2.745967827006637
2259,"(395, 470)",1.9471571243648795
2231,"(33, 266)",3.404449536655461
731,"(201, 382)",-1.741934733814394
990,"(734, 98)",1.667143393238823
2334,"(89, 419)",0.7850081556992531
468,"(540, 256)",-1.154128261034456
2634,"(686, 45)",-2.0163340003056294
2225,"(649, 370)",-2.505903021441452
3048,"(705, 329)",-0.1660696469727287
2680,"(245, 476)",-3.526497797774134
3046,"(208, 296)",3.823198144278285
1291,"(895, 295)",-2.1143591056666904
596,"(885, 325)",4.253777602944048
480,"(606, 346)",-0.694169977628697
117,"(816, 228)",2.626861183918751
2415,"(646, 434)",3.6745885008697896
3207,"(736, 451)",0.9948672557431548
791,"(308, 286)",-0.8945163594870061
128,"(43, 381)",-0.849995764121686
433,"(307, 408)",-2.7493548416385645
1346,"(478, 4)",3.075663603274247
1669,"(950, 147)",3.1524855648395813
2201,"(80, 380)",1.8000661583910171
2253,"(51, 66)",-1.5647195595655
2565,"(986, 495)",2.5730244952938044
3081,"(758, 225)",1.2706452787838416
430,"(79, 19)",0.4706483291019048
1545,"(319, 278)",-1.6643060677072583
1488,"(921, 362)",2.3166423615914997
33,"(190, 229)",-3.083074317364072
3115,"(450, 217)",-1.7914956398758206
489,"(747, 16)",1.455475883962629
1547,"(338, 282)",-0.9469555284731356
282,"(589, 97)",0.7414759533960678
3122,"(258, 443)",-3.655522886307613
2105,"(514, 424)",-1.3556854258172557
2960,"(691, 32)",-2.411409990845488
1197,"(613, 92)",-1.3679765678159612
461,"(339, 412)",-1.652645436722023
2766,"(24, 400)",0.3268589630735263
87,"(594, 411)",-0.6601189583916508
909,"(659, 245)",1.7758693378447443
1035,"(806, 450)",-3.8478126630060094
787,"(647, 445)",0.078238491462941
213,"(389, 387)",0.0171926533210671
2834,"(205, 96)",5.565602078024926
1192,"(241, 131)",0.9989387064181572
730,"(511, 300)",2.3487703661037265
52,"(283, 262)",-2.3933351343017875
271,"(288, 72)",-1.5445043116387815
35,"(836, 79)",-1.672148611066688
483,"(109, 495)",3.8370357923784666
703,"(79, 370)",5.130772260918452
2623,"(696, 254)",8.132651684277995
2906,"(444, 94)",1.1812373279448642
244,"(35, 472)",-0.2922939898945571
626,"(888, 236)",-0.9880413714129476
378,"(862, 208)",-2.948120838653197
57,"(120, 241)",-3.200503890188483
356,"(982, 497)",2.67163424478851
104,"(414, 150)",0.2243823998740962
781,"(2, 376)",2.877623404729344
2643,"(249, 175)",-0.2137161264660048
335,"(747, 300)",0.2258042550290679
10,"(101, 368)",0.8133889816821085
2065,"(924, 326)",-0.4246570997855889
1123,"(995, 103)",3.231633547471708
687,"(372, 151)",0.9419892970287556
1095,"(573, 336)",-0.8287885626847212
1632,"(567, 430)",2.154343282855841
1879,"(956, 393)",2.0889394270318595
2351,"(78, 427)",-0.6267401358462216
485,"(395, 240)",0.6398816434693787
2027,"(210, 372)",1.2281947081900002
59,"(483, 197)",4.007980909515658
3295,"(783, 293)",0.5077411641723414
3096,"(440, 19)",3.284073562074379
2213,"(979, 156)",-3.164967778992648
571,"(350, 378)",1.885935738678011
2609,"(408, 493)",-1.827499127161398
1248,"(161, 83)",-1.012175491622938
1217,"(259, 261)",9.354787373743596e-05
2185,"(444, 367)",-1.8204642692868145
399,"(822, 92)",-2.7432034285615874
675,"(581, 176)",-1.057658076943576
2746,"(714, 198)",0.8311266605422972
592,"(117, 436)",-2.6956644763130475
2373,"(307, 263)",-4.467252997955177
2298,"(674, 187)",-1.764237024352366
2798,"(11, 180)",-0.8247300867725177
1422,"(615, 8)",0.632958561865886
811,"(179, 219)",0.067064333189727
2518,"(580, 101)",0.902305760316748
71,"(450, 35)",-0.1132653302088692
799,"(812, 281)",0.6169495220847718
2666,"(836, 232)",1.565489807392014
2910,"(614, 188)",-0.0974036699822555
1514,"(956, 274)",-0.1441184797864556
53,"(994, 226)",1.4481779070296104
1780,"(228, 64)",5.965280898650985
546,"(466, 397)",-5.851685990800026
333,"(79, 185)",4.688069457406612
1100,"(198, 62)",-1.1193611319384962
1593,"(52, 54)",-2.3172928380828304
842,"(130, 448)",2.947585650630624
403,"(905, 383)",-1.8698345778849148
479,"(961, 262)",-3.8836415454888593
2612,"(177, 58)",0.1183093482105807
1051,"(639, 30)",-0.8320809259863684
3149,"(934, 292)",-0.2504887139352293
2751,"(532, 11)",2.133218829128734
1418,"(779, 472)",-0.8345252965246682
1720,"(507, 338)",1.0961725632205122
2428,"(882, 310)",1.3164846664948917
2446,"(991, 179)",-0.1241486970137703
1751,"(838, 240)",1.6693827423023144
1686,"(369, 40)",-1.3686869316209815
855,"(484, 93)",-3.859678035613318
1034,"(741, 329)",-1.4713260397351655
1082,"(778, 498)",0.2870765324189769
1083,"(6, 76)",-3.309976471467404
64,"(873, 24)",0.0695835643159493
1644,"(339, 326)",0.7148655270436424
2296,"(898, 164)",4.138995679258593
1306,"(149, 28)",0.9384343897966992
2094,"(522, 101)",1.422682735197475
749,"(281, 147)",1.543859801863533
429,"(232, 484)",-1.2253285866189008
1386,"(25, 397)",-1.501583355830484
503,"(442, 199)",0.6682453223288735
758,"(194, 432)",-2.3743512154134416
1736,"(418, 303)",-0.6091558545043111
499,"(138, 138)",3.893745224849024
242,"(725, 386)",-1.3958303491691084
298,"(606, 437)",-1.8436467659307447
696,"(415, 107)",-0.99179331701747
2716,"(282, 321)",-5.363817102758971
1075,"(704, 498)",2.1343598612262245
1280,"(726, 71)",-5.328172273621886
2139,"(591, 175)",6.03153872581435
49,"(594, 77)",-3.4721650199653094
1491,"(918, 467)",-0.0889161804496878
1968,"(75, 300)",-3.7869778182280927
2292,"(59, 233)",-1.5865279178114928
2638,"(628, 37)",-1.334047256787002
2552,"(389, 33)",1.6683953186613427
1806,"(997, 294)",1.3138356838553755
2147,"(386, 477)",4.957924130752612
935,"(635, 234)",3.881209949605016
1543,"(187, 78)",-1.9204989606278924
2152,"(404, 77)",-3.5020049607606416
2543,"(681, 488)",-2.403652626810986
2667,"(361, 315)",-3.7245454186734
1746,"(702, 448)",-3.885025290617033
217,"(178, 393)",0.8728543127957082
1326,"(77, 304)",-2.769362636464975
1571,"(685, 304)",-3.8071925353841127
2291,"(675, 455)",-3.879923291087041
810,"(506, 492)",-2.155313139684468
14,"(690, 375)",-1.2811713012311226
602,"(761, 491)",2.624590257764768
900,"(791, 265)",-2.452340686024797
3266,"(478, 71)",-2.743360111817845
3020,"(656, 10)",4.849896964481004
406,"(539, 210)",-0.137272094360518
337,"(794, 91)",0.4725444600226113
3209,"(347, 388)",1.4761978290344335
2500,"(651, 437)",-1.5021645981931433
986,"(214, 443)",-1.9928758107567188
1739,"(374, 183)",-2.0494725478413702
3027,"(143, 320)",1.1520036533724831
2742,"(296, 420)",3.909467872659181
2520,"(393, 265)",-0.1993146380035757
3153,"(481, 136)",3.333067171984992
1567,"(115, 213)",0.0949575629827128
964,"(177, 153)",-0.7781386779011343
1522,"(505, 313)",4.463361744459633
3186,"(350, 15)",-1.6627913843698432
1151,"(38, 147)",2.2515128856337614
582,"(216, 232)",3.4781630929679026
895,"(317, 188)",-2.2858946631294903
2409,"(289, 31)",-1.703425273446096
3008,"(728, 27)",-0.9425187826015552
2121,"(625, 234)",-1.453162957509468
21,"(224, 148)",1.451346538904945
664,"(716, 296)",2.534775895746078
